"","NAMELSAD","PrimSource","sum(Total_MW)","GEOID","nsrdb3_ghi","avg_landval","irr_2"
"1","Sioux Falls, SD-MN Metro Area","solar",0,"43620",4.16065243793037,9.20546366069834,17.311028709256
"2","Baraboo, WI Micro Area","solar",0,"12660",4.00272615758957,9.36492072658167,16.0218166926517
"3","Evanston, WY-UT Micro Area","solar",57.6,"21740",4.70736574550745,9.2849379566368,22.1592922619769
"4","Cleveland, OH Metro Area","solar",15.5,"17410",3.92549917861294,10.5395309789199,15.4095438012909
"5","Port Lavaca, TX Micro Area","solar",196.3,"38920",5.04065833636888,9.60379967796669,25.4082364640051
"6","Wichita Falls, TX Metro Area","solar",0,"48660",5.08708807974489,8.26735741195712,25.8784651310825
"7","Marinette, WI-MI Micro Area","solar",0,"31940",3.88844096867518,8.86322664993717,15.1199731668716
"8","Cookeville, TN Micro Area","solar",0,"18260",4.40599714524694,8.81080987316946,19.4128108439242
"9","Tallahassee, FL Metro Area","solar",136.5,"45220",4.95754988268307,9.43253176425171,24.5773008392909
"10","Fallon, NV Micro Area","solar",20,"21980",5.23524373296426,6.79967755150566,27.4077769435416
"11","Huntington-Ashland, WV-KY-OH Metro Area","solar",0,"26580",4.18237545480009,8.35633264799875,17.4922644449143
"12","Portland-Vancouver-Hillsboro, OR-WA Metro Area","solar",110.5,"38900",3.59895480907185,10.0251504981384,12.9524757177414
"13","St. Louis, MO-IL Metro Area","solar",28.8,"41180",4.36079015299301,9.98533813742782,19.0164907584408
"14","College Station-Bryan, TX Metro Area","solar",0,"17780",4.93109591137948,9.24850667802109,24.3157068872234
"15","Little Rock-North Little Rock-Conway, AR Metro Area","solar",2,"30780",4.6330186374328,9.05517551626951,21.4648616947997
"16","Klamath Falls, OR Micro Area","solar",126.9,"28900",4.71045055472893,8.71913511758717,22.188344428546
"17","Kingston, NY Metro Area","solar",45.8,"28740",3.98465768730208,10.1272705570146,15.8774968849756
"18","Rexburg, ID Micro Area","solar",0,"39940",4.17665276205036,9.70819412067971,17.4444282947429
"19","Dallas-Fort Worth-Arlington, TX Metro Area","solar",843.1,"19100",4.95091255453133,10.4875428551374,24.511535122616
"20","Columbia, SC Metro Area","solar",503.2,"17900",4.73748560551703,9.09344621685064,22.443769862481
"21","Memphis, TN-MS-AR Metro Area","solar",373.7,"32820",4.63574768230715,9.31847165736816,21.4901565740161
"22","Davenport-Moline-Rock Island, IA-IL Metro Area","solar",0,"19340",4.15643085551085,9.49572420245253,17.2759174566427
"23","Paris, TX Micro Area","solar",698.5,"37580",4.76327612284897,8.44041889733368,22.6887994225032
"24","Grand Forks, ND-MN Metro Area","solar",0,"24220",3.74623280015694,8.324346572732,14.0342601929717
"25","Sebring, FL Metro Area","solar",62.3,"42700",5.21327774901987,9.48349498977559,27.1782648884257
"26","Toledo, OH Metro Area","solar",135.3,"45780",4.04051583150777,9.75351074925592,16.3257681846649
"27","Columbus, MS Micro Area","solar",200,"18060",4.76003490010116,8.50591777424147,22.657932250181
"28","Auburn-Opelika, AL Metro Area","solar",0,"12220",4.83615585434838,9.6564420298359,23.3884034475481
"29","Sault Ste. Marie, MI Micro Area","solar",6.9,"42300",3.76910099048469,8.23519619568663,14.2061222764727
"30","Hinesville, GA Metro Area","solar",30,"25980",4.88114268594149,8.73901430635246,23.8255539205201
"31","Bismarck, ND Metro Area","solar",0,"13900",3.96319816787159,7.80146319727578,15.7069397178207
"32","Kansas City, MO-KS Metro Area","solar",27.8,"28140",4.4125848967398,9.72126961377636,19.4709054709362
"33","Oneonta, NY Micro Area","solar",2,"36580",3.82342752178228,8.82563773940838,14.6185980143222
"34","Okeechobee, FL Micro Area","solar",223.5,"36380",5.17783890980798,9.36191653696809,26.8100157759215
"35","Pine Bluff, AR Micro Area","solar",0,"38220",4.7074430837038,8.67985184249667,22.1600203863107
"36","Hailey, ID Micro Area","solar",0,"25200",4.60486205004966,8.690722947177,21.2047544999875
"37","Greenwood, SC Micro Area","solar",7.5,"24940",4.74699453667249,8.80946220611063,22.5339571311985
"38","Corpus Christi, TX Metro Area","solar",0,"18580",5.14201808557721,10.0367092703966,26.4403499924031
"39","Cañon City, CO Micro Area","solar",1.8,"15860",5.0407222425321,8.68166309737518,25.4088807263579
"40","Kingsport-Bristol, TN-VA Metro Area","solar",0,"28700",4.4048955808682,9.13835299748497,19.4031050783522
"41","Lake of the Woods, VA Micro Area","solar",0,"29470",4.3610470319736,10.3710866789808,19.0187312150858
"42","Redding, CA Metro Area","solar",3,"39820",4.87075290554477,8.64161836878335,23.7242338668728
"43","El Campo, TX Micro Area","solar",740,"20900",4.95011908922593,9.31305108741604,24.5036789975189
"44","Silver City, NM Micro Area","solar",1,"43500",5.75105134302982,8.38942468007192,33.074591550165
"45","Vicksburg, MS Micro Area","solar",0,"46980",4.86471702038754,9.30122445083734,23.6654716884482
"46","Corbin, KY Micro Area","solar",0,"18340",4.27941021879457,7.90655817834817,18.3133518207234
"47","Lock Haven, PA Micro Area","solar",0,"30820",3.91356614642631,8.66975319105717,15.3159999824541
"48","Eagle Pass, TX Metro Area","solar",0,"20580",5.26613273969855,9.00528786903586,27.7321540321249
"49","Kingsville, TX Micro Area","solar",0,"28780",5.17647378756261,9.66544560684628,26.7958808733228
"50","Montgomery, AL Metro Area","solar",100,"33860",4.84675093532594,9.37229893369526,23.4909946290829
"51","Andrews, TX Micro Area","solar",1110,"11380",5.68929271144824,8.33425481011936,32.3680515565381
"52","Talladega-Sylacauga, AL Micro Area","solar",0,"45180",4.74134566454437,9.1947720083276,22.4803587106937
"53","Gardnerville Ranchos, NV-CA Micro Area","solar",0,"23820",5.37858399336551,9.21896005924299,28.9291657736877
"54","Clarksville, TN-KY Metro Area","solar",6.8,"17300",4.43837119034288,9.12798990636856,19.6991388232657
"55","Troy, AL Micro Area","solar",0,"45980",4.90235388472682,8.97340051166163,24.0330736110962
"56","Sonora, CA Micro Area","solar",5.1,"43760",5.31291554422895,8.98558945408908,28.2270715801096
"57","Grand Rapids, MN Micro Area","solar",2,"24330",3.75137064477009,8.40490901213628,14.0727817144428
"58","Athens-Clarke County, GA Metro Area","solar",2.2,"12020",4.74502954682347,9.66999901976355,22.5153054002277
"59","Clarksburg, WV Micro Area","solar",0,"17220",4.0426339914533,8.7023954660984,16.3428895888536
"60","Owensboro, KY Metro Area","solar",0,"36980",4.37269400624058,9.29806919393559,19.1204528722123
"61","Shawnee, OK Micro Area","solar",0,"43060",4.81408558341612,8.76081403222721,23.1754200044549
"62","Daphne-Fairhope-Foley, AL Metro Area","solar",0,"19300",4.92016796108727,9.44661426880026,24.2080527653096
"63","Danville, VA Micro Area","solar",242.1,"19260",4.50737139209131,9.04065120429178,20.3163968662431
"64","Fayetteville-Springdale-Rogers, AR Metro Area","solar",2,"22220",4.58707883398075,9.37419570727185,21.0412922291542
"65","Warner Robins, GA Metro Area","solar",78.8,"47580",4.87740327821975,9.7614371975596,23.7890627383888
"66","Spokane-Spokane Valley, WA Metro Area","solar",0,"44060",3.7999475578046,8.92517701446542,14.4396014420652
"67","Roseburg, OR Micro Area","solar",0,"40700",4.0849986743445,8.95241748573691,16.6872141693963
"68","Hartford-West Hartford-East Hartford, CT Metro Area","solar",105.2,"25540",4.05774672869727,11.2672413640056,16.4653085142534
"69","New Haven, CT Metro Area","solar",23.4,"35300",4.08994198165975,12.0360580446588,16.7276254133428
"70","Forest City, NC Micro Area","solar",121.7,"22580",4.6344470529954,9.71409768521346,21.4780994870178
"71","Cullman, AL Micro Area","solar",0,"18980",4.65802645930354,9.35578200104803,21.6972104955719
"72","Pikeville, KY Micro Area","solar",0,"38210",4.20110426648444,8.07549861275039,17.6492770578737
"73","Altus, OK Micro Area","solar",0,"11060",5.1585114649206,7.84103895333935,26.6102405337173
"74","Eureka-Arcata, CA Micro Area","solar",3.6,"21700",4.4769458368598,8.90849305852894,20.0430440261763
"75","Cape Coral-Fort Myers, FL Metro Area","solar",0,"15980",5.29471281450261,11.3218999196726,28.0339837880581
"76","St. Cloud, MN Metro Area","solar",109.6,"41060",3.92035659650839,9.2732969819569,15.3691958437868
"77","Panama City-Panama City Beach, FL Metro Area","solar",373.7,"37460",4.97235747070847,9.09115790722933,24.7243388165103
"78","Payson, AZ Micro Area","solar",0,"37740",5.62898755759571,9.65449500272144,31.6855009235673
"79","Bellingham, WA Metro Area","solar",0,"13380",3.29315502754648,9.13252937391104,10.8448700354547
"80","Crescent City, CA Micro Area","solar",0,"18860",4.34023640045264,8.518973238153,18.8376520118141
"81","Palatka, FL Micro Area","solar",223.5,"37260",4.9805990321889,9.38096959405271,24.806366719441
"82","Safford, AZ Micro Area","solar",0,"40940",5.75986117203521,8.35104246988269,33.1760007211189
"83","Fresno, CA Metro Area","solar",1695.1,"23420",5.42182319660839,9.10402409177319,29.3961667752808
"84","Bogalusa, LA Micro Area","solar",50,"14220",4.85969485827711,9.15442622341274,23.616634115565
"85","Seneca, SC Micro Area","solar",0,"42860",4.69294931966993,9.97880153601043,22.0237733169905
"86","Billings, MT Metro Area","solar",80,"13740",4.09553159745221,8.49654747818058,16.7733790657294
"87","Jacksonville, TX Micro Area","solar",0,"27380",4.83641808938876,8.98017820484964,23.3909399353669
"88","Stockton-Lodi, CA Metro Area","solar",21.2,"44700",5.22343019570549,10.5911036854222,27.2842230094079
"89","Defiance, OH Micro Area","solar",0,"19580",4.05217576119128,9.03858265243583,16.4201283995862
"90","Lake Havasu City-Kingman, AZ Metro Area","solar",117.3,"29420",5.60761305298977,7.95368467308923,31.4453241520613
"91","Chico, CA Metro Area","solar",7.1,"17020",4.97996032647765,9.44416278555319,24.8000048532914
"92","Houma-Bayou Cane-Thibodaux, LA Metro Area","solar",0,"26380",4.98803597224314,7.9905323932524,24.8805028603916
"93","Gaffney, SC Micro Area","solar",5,"23500",4.69382316392633,9.02187515534628,22.0319758942114
"94","Merced, CA Metro Area","solar",342.4,"32900",5.34910199330362,9.7317695630181,28.6128921347648
"95","Cody, WY Micro Area","solar",0,"17650",4.2073188098417,9.1349104158376,17.7015315676478
"96","Pocatello, ID Metro Area","solar",0,"38540",4.42008851773417,9.36048113159151,19.5371825046055
"97","Vernal, UT Micro Area","solar",0,"46860",4.92594263269141,8.37884156938901,24.2649108205668
"98","Duncan, OK Micro Area","solar",0,"20340",4.97155345640489,8.19437317773715,24.7163437698914
"99","Tyler, TX Metro Area","solar",0,"46340",4.84900399527155,9.49952040229573,23.5128397461595
"100","Price, UT Micro Area","solar",80,"39220",4.96116792325506,9.00392935921584,24.6131871627349
"101","Natchez, MS-LA Micro Area","solar",0,"35020",4.89356529777095,8.65016587695389,23.9469813235481
"102","New Ulm, MN Micro Area","solar",0,"35580",3.99877858788257,9.03494742384813,15.9902301949081
"103","Clearlake, CA Micro Area","solar",0,"17340",5.14414566609918,8.84148028851286,26.4622346340469
"104","Brookings, OR Micro Area","solar",0,"15060",4.19238274185794,8.83217508146885,17.5760730542283
"105","Grand Junction, CO Metro Area","solar",8.1,"24300",4.98656163624797,8.65300837318889,24.8657969521001
"106","Hemlock Farms, PA Micro Area","solar",0,"25770",4.00296512970016,9.72394435694211,16.0237298295954
"107","Dyersburg, TN Micro Area","solar",0,"20540",4.56635648518105,8.73234895039942,20.8516115497551
"108","Gadsden, AL Metro Area","solar",0,"23460",4.64819961067304,9.58018179179592,21.605759620661
"109","Brevard, NC Micro Area","solar",0,"14820",4.56069052445261,10.3901760694716,20.7998980598318
"110","Kill Devil Hills, NC Micro Area","solar",0,"28620",4.53377565798952,9.16987415608931,20.5551217169783
"111","San Luis Obispo-Paso Robles, CA Metro Area","solar",1127.7,"42020",5.5575719397421,9.15263641787067,30.8866058654088
"112","Trenton-Princeton, NJ Metro Area","solar",91.5,"45940",4.15235972191689,12.2429231278046,17.2420912601977
"113","Greenfield, MA Micro Area","solar",62.7,"24640",3.97580652756017,9.50003697547435,15.80703754459
"114","Big Spring, TX Micro Area","solar",10,"13700",5.52357090784641,8.33922703021041,30.5098355740072
"115","Parkersburg-Vienna, WV Metro Area","solar",0,"37620",4.0967544608207,8.78492837160856,16.7833971122543
"116","Butte-Silver Bow, MT Micro Area","solar",0,"15580",4.14573231649027,8.94638489997961,17.1870964399918
"117","Great Falls, MT Metro Area","solar",3,"24500",3.91721599677864,8.28320741536099,15.3445811654185
"118","Opelousas, LA Micro Area","solar",0,"36660",4.90151266206555,8.80884240432527,24.0248263763889
"119","Huntsville, TX Micro Area","solar",0,"26660",4.83912272071118,9.31002150093885,23.4171087061032
"120","Waynesville, NC Micro Area","solar",1.5,"48200",4.4931924321264,10.0740472986429,20.1887782321179
"121","Grants Pass, OR Metro Area","solar",0,"24420",4.4250661942742,8.74052644333955,19.5812108237084
"122","Marion, OH Micro Area","solar",0,"32020",4.05359253816172,9.33696692150524,16.4316124654404
"123","Greeley, CO Metro Area","solar",94.9,"24540",4.83214952947821,8.37111902407211,23.3496690752365
"124","Kennewick-Richland, WA Metro Area","solar",4.2,"28420",4.23282291165422,8.63380492081884,17.9167898014249
"125","Lake City, FL Micro Area","solar",179.4,"29380",4.96788508181246,9.04000148181776,24.6798821860948
"126","Longview-Kelso, WA Metro Area","solar",0,"31020",3.35138065535153,9.38876743669998,11.2317522970645
"127","Elizabethtown, KY Metro Area","solar",0,"21060",4.3463254039871,9.15781215859465,18.8905445173436
"128","Albany, OR Metro Area","solar",0,"10540",3.82114188178951,9.17434712765372,14.6011252807658
"129","Bishop, CA Micro Area","solar",7,"13860",5.75168990927989,7.91305621395912,33.0819368125121
"130","Johnson City, TN Metro Area","solar",13.4,"27740",4.38039151167062,9.58092346643664,19.187829795516
"131","Poplar Bluff, MO Micro Area","solar",0,"38740",4.54874563047103,8.89503806145415,20.6910868107293
"132","Marshall, MO Micro Area","solar",2.8,"32180",4.36591903522367,9.11494910143955,19.0612490221284
"133","Wildwood-The Villages, FL Metro Area","solar",0,"48680",5.10248648992385,9.81677482774242,26.0353683798554
"134","Green Bay, WI Metro Area","solar",0,"24580",3.94343875091371,9.51738018224579,15.5507091822079
"135","Ontario, OR-ID Micro Area","solar",58.5,"36620",4.57409319722438,7.19794751543734,20.9223285768943
"136","Providence-Warwick, RI-MA Metro Area","solar",536,"39300",4.07622083665699,11.4814843859612,16.6155763091966
"137","Winchester, VA-WV Metro Area","solar",1.4,"49020",4.16773668581072,9.69489675069337,17.3700290822525
"138","Camden, AR Micro Area","solar",14,"15780",4.70614759281615,8.28532470936358,22.1478251653693
"139","Jackson, MS Metro Area","solar",1.2,"27140",4.82255696452673,8.89440187018321,23.2570556761053
"140","Marion-Herrin, IL Micro Area","solar",9,"32060",4.39487867968464,9.56356544552427,19.3149586091466
"141","Sunbury, PA Micro Area","solar",0,"44980",3.98479533741705,9.59433911408167,15.8785938811006
"142","Ellensburg, WA Micro Area","solar",15,"21260",4.08368508297433,8.81398982973921,16.676483856907
"143","La Grande, OR Micro Area","solar",0,"29260",4.13258006601336,8.02883244932161,17.078218002011
"144","Scranton--Wilkes-Barre, PA Metro Area","solar",1.8,"42540",3.93670415453146,9.34919481740401,15.4976396003052
"145","Douglas, GA Micro Area","solar",0,"20060",4.96627169971735,8.51771460790369,24.6638545954134
"146","Dublin, GA Micro Area","solar",4.1,"20140",4.87934345364655,8.19311002630428,23.8079925386435
"147","Blytheville, AR Micro Area","solar",176,"14180",4.61227554598592,8.72694662007653,21.2730857120997
"148","Beckley, WV Metro Area","solar",0,"13220",4.1705867275025,8.35180083391889,17.39379365162
"149","Athens, TX Micro Area","solar",0,"11980",4.88079416734009,9.23711055597195,23.8221517039411
"150","Flagstaff, AZ Metro Area","solar",0,"22380",5.51251193256792,8.6503097882662,30.3877878067037
"151","Rochester, NY Metro Area","solar",163.4,"40380",3.84577840987837,9.53628514853567,14.7900115778866
"152","Kingsland, GA Micro Area","solar",30.2,"28680",4.93468653421589,9.17761319388186,24.3511311909716
"153","Nacogdoches, TX Micro Area","solar",0,"34860",4.82916266687594,9.03765881462792,23.3208120631484
"154","Oak Harbor, WA Micro Area","solar",0,"36020",3.33299213237548,11.4818049698608,11.1088365544768
"155","Port Angeles, WA Micro Area","solar",0,"38820",3.29581060554042,9.68795106952994,10.8623675475927
"156","Pensacola-Ferry Pass-Brent, FL Metro Area","solar",462.5,"37860",4.92218835415312,9.52230460765789,24.2279381937606
"157","Bridgeport-Stamford-Danbury, CT Metro Area","solar",0,"14860",4.09225298189768,12.9385602104069,16.7465344678505
"158","Henderson, KY Micro Area","solar",0,"25775",4.39017086996272,8.97446094112737,19.2736002674693
"159","Minden, LA Micro Area","solar",0,"33380",4.77511812232432,8.72848870888465,22.8017530821501
"160","Brainerd, MN Micro Area","solar",21,"14660",3.82235864361815,8.91798884353584,14.6104256004424
"161","El Paso, TX Metro Area","solar",15.3,"21340",5.93075966537051,8.01421798238322,35.1739102083857
"162","Paducah, KY-IL Metro Area","solar",0,"37140",4.45407099323091,8.86473422769581,19.838748412741
"163","Greeneville, TN Micro Area","solar",9.6,"24620",4.46359426913751,9.24600522654407,19.9236737994773
"164","Sumter, SC Metro Area","solar",0,"44940",4.76518552406596,8.65496120114328,22.7069930787678
"165","Orangeburg, SC Micro Area","solar",269.4,"36700",4.8088612206644,8.52174829317816,23.1251462396099
"166","Jesup, GA Micro Area","solar",2.6,"27700",4.90371207644167,8.08393226249134,24.0463921286399
"167","Heber, UT Micro Area","solar",0,"25720",4.73182112840229,9.50479094624267,22.3901311911943
"168","Salisbury, MD Metro Area","solar",98.5,"41540",4.39759929245208,9.53415230048422,19.338879536975
"169","Wenatchee-East Wenatchee, WA Metro Area","solar",0,"48300",4.01746805160635,8.17141592677736,16.1400495456777
"170","Anderson Creek, NC Micro Area","solar",51,"11360",4.63807222276648,9.65399530613262,21.511713943598
"171","Madisonville, KY Micro Area","solar",0,"31580",4.39602523414662,8.75853909332197,19.3250378592538
"172","Middlesborough, KY Micro Area","solar",0,"33180",4.2786686157492,7.83049457819704,18.3070051233972
"173","Corsicana, TX Micro Area","solar",377,"18620",4.92803674792822,8.82349500288548,24.2855461889309
"174","Shreveport-Bossier City, LA Metro Area","solar",0,"43340",4.80342376766131,8.87235461442472,23.0728798917336
"175","Crossville, TN Micro Area","solar",0,"18900",4.41294708337479,8.83938128104729,19.4741019606661
"176","Newport, TN Micro Area","solar",0,"35460",4.43142060173669,9.04747056893818,19.6374885494964
"177","Slidell-Mandeville-Covington, LA Metro Area","solar",0,"43640",4.89288490142979,10.1457540806857,23.9403226586396
"178","Murray, KY Micro Area","solar",0,"34660",4.45998111923234,9.11411348334304,19.891431583909
"179","Greenville, NC Metro Area","solar",87.2,"24780",4.59565483008209,9.05563894369054,21.1200433172569
"180","Binghamton, NY Metro Area","solar",79.7,"13780",3.83229756307324,9.0825011366191,14.6865046119371
"181","Town of Pecos, TX Micro Area","solar",100,"45880",5.78897150296011,5.97403520437486,33.5121910620843
"182","Jacksonville, NC Metro Area","solar",52.1,"27340",4.63058175839653,9.67173396860654,21.4422874211947
"183","Cleveland, TN Metro Area","solar",0,"17420",4.52493865482283,9.38288376436373,20.4750698299098
"184","Truckee-Grass Valley, CA Micro Area","solar",0,"46020",5.09657695431981,9.68776719771204,25.9750966513038
"185","Rocky Mount, NC Metro Area","solar",580.4,"40580",4.59344877926443,9.16559083326625,21.0997716877258
"186","Aberdeen, WA Micro Area","solar",0,"10140",3.201341371895,8.65585349986173,10.2485865794066
"187","Hagerstown-Martinsburg, MD-WV Metro Area","solar",51.6,"25180",4.16286494937095,10.4026465737624,17.3294445867012
"188","Bay City, TX Micro Area","solar",0,"13060",4.99367588069852,9.28904294070997,24.9367988014702
"189","Marion, NC Micro Area","solar",0,"32000",4.53178885357911,9.77666279684284,20.5371102134238
"190","Mount Sterling, KY Micro Area","solar",0,"34460",4.23681807570364,8.43061044698677,17.9506274066091
"191","Visalia, CA Metro Area","solar",374.2,"47300",5.52902603563308,9.01616928989004,30.5701289027084
"192","Modesto, CA Metro Area","solar",475.8,"33700",5.29929329277268,9.98638536890079,28.0825094028256
"193","Ocala, FL Metro Area","solar",0,"36100",5.03046501798445,10.0271968941659,25.3055782971652
"194","Rio Grande City-Roma, TX Micro Area","solar",0,"40100",5.39163094868207,8.95424851858986,29.0696842867863
"195","Sheridan, WY Micro Area","solar",0,"43260",4.20457671465008,8.65942419078775,17.6784653493777
"196","Durant, OK Micro Area","solar",10,"20460",4.81844948141366,8.7369890889908,23.2174554049356
"197","El Centro, CA Metro Area","solar",1992.8,"20940",5.93789887853287,7.19921833028449,35.258643091682
"198","Borger, TX Micro Area","solar",0,"14420",5.27566815555001,7.61611459083732,27.8326744874844
"199","Del Rio, TX Micro Area","solar",0,"19620",5.36590657929445,8.66438945856901,28.7929534177155
"200","Beeville, TX Micro Area","solar",300.7,"13300",5.05160228449044,9.25804176105403,25.5186856406691
"201","Richmond, IN Micro Area","solar",41.8,"39980",4.16202552227156,9.58930995927712,17.3224564480399
"202","Lake Charles, LA Metro Area","solar",0,"29340",4.89802536712225,7.96467648988352,23.990652496973
"203","Fort Payne, AL Micro Area","solar",0,"22840",4.61341803194087,9.36025139998474,21.2836259374372
"204","Hammond, LA Metro Area","solar",0,"25220",4.8842356527541,9.63348568842814,23.8557579116343
"205","Beaumont-Port Arthur, TX Metro Area","solar",0,"13140",4.83621557031123,9.10836724175008,23.3889810425208
"206","Amherst Town-Northampton, MA Metro Area","solar",110,"11200",3.99942868858498,10.1317054420965,15.9954298350766
"207","Alpena, MI Micro Area","solar",0,"10980",3.8561295285584,8.57217331048919,14.86973494102
"208","Tampa-St. Petersburg-Clearwater, FL Metro Area","solar",677.6,"45300",5.1851871010385,11.1768081756676,26.8861652727761
"209","Crestview-Fort Walton Beach-Destin, FL Metro Area","solar",328,"18880",4.92431180868369,9.18135006872589,24.2488467891416
"210","Bend, OR Metro Area","solar",233.3,"13460",4.45863336602153,8.52018068591008,19.8794114926004
"211","Sioux City, IA-NE-SD Metro Area","solar",6.3,"43580",4.19847662656616,9.35330891358641,17.6272059838224
"212","Traverse City, MI Metro Area","solar",3.8,"45900",3.8221481417402,9.74960263248121,14.6088164174081
"213","Riverton, WY Micro Area","solar",0,"40180",4.62772529616782,8.5671245112323,21.4158414167916
"214","Lafayette-West Lafayette, IN Metro Area","solar",1.6,"29200",4.15294950149243,9.35264289039844,17.2469895619462
"215","Ocean Pines, MD Micro Area","solar",9.6,"36180",4.3734536028685,9.74201515712718,19.1270964164435
"216","Logan, UT-ID Metro Area","solar",0,"30860",4.55086043676355,9.68332327212464,20.7103307148998
"217","Las Vegas-Henderson-North Las Vegas, NV Metro Area","solar",4702.7,"29820",5.63642178821789,9.23751198609252,31.7692505746974
"218","Cumberland, MD-WV Micro Area","solar",19.8,"19060",4.07847934971831,9.09740575457376,16.6339938060787
"219","Batesville, AR Micro Area","solar",0,"12900",4.59312388109177,8.66235217548939,21.0967869870555
"220","Durango, CO Micro Area","solar",0,"20420",5.173915835095,9.54248424363795,26.7694050686467
"221","McAllen-Edinburg-Mission, TX Metro Area","solar",0,"32580",5.32325555574857,10.1560245396267,28.337049711808
"222","Lumberton, NC Micro Area","solar",216.6,"31300",4.71771076786932,8.4846921607056,22.2567948892701
"223","Manhattan, KS Metro Area","solar",1.3,"31740",4.51350832371886,8.3957565228239,20.3717573882794
"224","Hickory-Lenoir-Morganton, NC Metro Area","solar",204.5,"25860",4.56028600157308,9.9535479926452,20.7962084161434
"225","Helena, MT Metro Area","solar",6,"25740",4.00891494174013,8.48490220529705,16.0713990101073
"226","Detroit-Warren-Dearborn, MI Metro Area","solar",52.4,"19820",3.95354596215659,10.7481340809924,15.6305256748847
"227","Greenville, MS Micro Area","solar",0,"24740",4.8390344657782,8.93069857684973,23.4162545609893
"228","Lufkin, TX Micro Area","solar",0,"31260",4.8253151430069,9.32798988115132,23.2836662293317
"229","Charlottesville, VA Metro Area","solar",9.9,"16820",4.37424090838805,10.0305910386133,19.1339835246155
"230","Asheville, NC Metro Area","solar",16.6,"11700",4.5275336849246,10.6176194247339,20.4985612681269
"231","Waco, TX Metro Area","solar",301.7,"47380",5.00157671722705,9.18568352661815,25.0157696583078
"232","Sacramento-Roseville-Folsom, CA Metro Area","solar",370,"40900",5.16984608855469,9.95391060546143,26.7273085793442
"233","Barnstable Town, MA Metro Area","solar",48.4,"12700",4.07650200997287,12.5572343055297,16.6178686373128
"234","Baker City, OR Micro Area","solar",17.8,"12520",4.31699236521948,7.8452396213029,18.6364230813633
"235","Gainesville, FL Metro Area","solar",451.4,"23540",5.04985043526962,9.36951431516861,25.5009894185927
"236","Indianapolis-Carmel-Greenwood, IN Metro Area","solar",151.1,"26900",4.18925518590079,10.0504120084256,17.5498590125967
"237","Lebanon-Claremont, NH-VT Micro Area","solar",40.6,"30150",3.82041559547716,9.03366193528703,14.5955753221651
"238","DuBois, PA Micro Area","solar",40,"20180",3.9018880768538,8.31307897716933,15.2247305642938
"239","Campbellsville, KY Micro Area","solar",0,"15820",4.33002779260571,8.76324407220734,18.7491406847379
"240","Washington, NC Micro Area","solar",142.5,"47820",4.57021270036426,8.75208928096224,20.8868441265708
"241","Greenwood, MS Micro Area","solar",100,"24900",4.78237300569749,8.66518432884501,22.8710915656241
"242","Corvallis, OR Metro Area","solar",1.2,"18700",3.77906087914088,9.7603392726546,14.281301128253
"243","Tulsa, OK Metro Area","solar",0,"46140",4.69280101149786,8.83566767645723,22.0223813335154
"244","Fayetteville, NC Metro Area","solar",216.5,"22180",4.6558301982613,9.58889884322642,21.6767548350419
"245","Rockingham, NC Micro Area","solar",85,"40460",4.6559649933595,8.77608940364967,21.6780100193891
"246","Jackson, WY-ID Micro Area","solar",0,"27220",4.22374532812581,9.87511781626353,17.8400245968646
"247","Sulphur Springs, TX Micro Area","solar",0,"44860",4.83195366175188,9.08456270524183,23.3477761893174
"248","Morristown, TN Metro Area","solar",2,"34100",4.50762522680687,9.87715111066349,20.3186851853457
"249","San Francisco-Oakland-Fremont, CA Metro Area","solar",72.2,"41860",5.04167117566824,11.6768927560891,25.4184482435639
"250","Jacksonville, FL Metro Area","solar",639.2,"27260",4.94983707454351,9.82210019331379,24.5008870645255
"251","Sikeston, MO Micro Area","solar",0,"43460",4.49974003738033,9.04094137679959,20.2476604040036
"252","Cornelia, GA Micro Area","solar",0,"18460",4.67718831141284,10.4565239022492,21.8760905004168
"253","Morgantown, WV Metro Area","solar",18.9,"34060",3.98806582465123,8.91983574530844,15.9046690217511
"254","Salem, OR Metro Area","solar",61.8,"41420",3.76140167639543,9.85810759942033,14.1481425711903
"255","Morehead City, NC Micro Area","solar",0,"33980",4.63231615455685,9.66139220409968,21.4583529557684
"256","Terre Haute, IN Metro Area","solar",19.6,"45460",4.23464058261394,9.26445939782911,17.9321808639209
"257","Napa, CA Metro Area","solar",6.4,"34900",5.10811192257813,10.17349540654,26.0928074135849
"258","Utica-Rome, NY Metro Area","solar",70.8,"46540",3.75502703639518,8.73316196845098,14.1002280440588
"259","Albertville, AL Micro Area","solar",0,"10700",4.62789092634257,9.39071839221695,21.4173744261239
"260","New Orleans-Metairie, LA Metro Area","solar",44.5,"35380",4.98601162281379,8.33909316056402,24.8603119028342
"261","Salinas, CA Metro Area","solar",13.2,"41500",5.39455032827815,9.29324096432292,29.1011732443259
"262","North Wilkesboro, NC Micro Area","solar",0,"35900",4.47425145498306,9.6830299169004,20.018926082418
"263","Jackson, TN Metro Area","solar",87,"27180",4.55472138048802,8.75324404214902,20.7454868538747
"264","Birmingham, AL Metro Area","solar",0,"13820",4.70973864804899,9.45142279442035,22.1816381329263
"265","Glens Falls, NY Metro Area","solar",50.9,"24020",3.86752922038923,8.87297857315886,14.9577822705645
"266","Springfield, IL Metro Area","solar",0,"44100",4.27735446119123,9.75733063860203,18.2957611866726
"267","Lexington Park, MD Metro Area","solar",0,"30500",4.35575744857025,11.0464838166234,18.9726229507752
"268","Gainesville, GA Metro Area","solar",0,"23580",4.72254257598687,10.8994156063712,22.3024083820087
"269","Vineyard Haven, MA Micro Area","solar",3.1,"47240",4.14274712811784,13.1106651032618,17.1623537675286
"270","Watertown-Fort Drum, NY Metro Area","solar",64.3,"48060",3.81933490321547,8.29623644419115,14.5873191029199
"271","Ukiah, CA Micro Area","solar",0,"46380",4.92118634593848,9.15323734148215,24.2180750514514
"272","Springfield, MA Metro Area","solar",174.5,"44140",4.01959787434269,10.5535320813837,16.1571670714202
"273","Newberry, SC Micro Area","solar",3.5,"35140",4.72382132987719,8.59894722135513,22.3144879566027
"274","Mount Pleasant, TX Micro Area","solar",0,"34420",4.79737435750282,8.91125953731899,23.0148007260256
"275","Pinehurst-Southern Pines, NC Metro Area","solar",49.2,"38240",4.62484976326072,9.60316876601932,21.3892353327328
"276","Americus, GA Micro Area","solar",3.2,"11140",4.90692568300485,8.57023748433616,24.0779196585326
"277","Riverside-San Bernardino-Ontario, CA Metro Area","solar",8621.8,"40140",5.86167022801642,7.64464902880136,34.359177862014
"278","Gulfport-Biloxi, MS Metro Area","solar",3.5,"25060",4.88314547524158,9.47799034657562,23.8451097323723
"279","Cape Girardeau, MO-IL Metro Area","solar",1.2,"16020",4.45737352265497,8.97008631609066,19.8681787204656
"280","Seaford, DE Micro Area","solar",13.7,"42580",4.35060963422979,10.3688420005678,18.927804189453
"281","Hilton Head Island-Bluffton-Port Royal, SC Metro Area","solar",190.9,"25940",4.86043812494846,9.85166416015739,23.6238587664525
"282","Kalispell, MT Micro Area","solar",0,"28060",3.55928938775885,9.56910726269225,12.6685409458128
"283","Scottsboro, AL Micro Area","solar",0,"42460",4.56225030673079,8.81671825134719,20.8141278612652
"284","New Bern, NC Micro Area","solar",159.1,"35100",4.58655860926829,9.03088757466674,21.0365198762531
"285","Athens, TN Micro Area","solar",0,"11940",4.52034646576731,9.20876577854486,20.433532170575
"286","Louisville/Jefferson County, KY-IN Metro Area","solar",3.9,"31140",4.28959643543016,9.65873351079445,18.4006375788551
"287","Bluefield, WV-VA Micro Area","solar",0,"14140",4.27360180802703,8.68993726309802,18.2636724135719
"288","East Stroudsburg, PA Micro Area","solar",2.5,"20700",4.015961271423,10.0578043719414,16.1279449335694
"289","Salt Lake City-Murray, UT Metro Area","solar",156.3,"41620",4.90273312153058,8.11090964987184,24.036792060953
"290","Waterbury-Shelton, CT Metro Area","solar",10,"47930",4.07561543208591,11.8290880913725,16.6106411502568
"291","Vincennes, IN Micro Area","solar",0,"47180",4.30322546045073,8.85802078182305,18.5177493634714
"292","Elko, NV Micro Area","solar",0,"21220",4.81617602002331,6.73580733698196,23.1955514558475
"293","Yuba City, CA Metro Area","solar",1.3,"49700",5.06377585892615,9.80920752366802,25.6418259494433
"294","Buffalo-Cheektowaga, NY Metro Area","solar",96.5,"15380",3.8331514398814,10.0235659584209,14.6930499610648
"295","Statesboro, GA Micro Area","solar",11.7,"44340",4.88402715889183,9.15375860535355,23.853721288793
"296","Madison, WI Metro Area","solar",432,"31540",4.02750207812126,9.92036405142052,16.220772989271
"297","Selma, AL Micro Area","solar",0,"42820",4.85131296776252,8.87843333554812,23.5352375111808
"298","Marion, IN Micro Area","solar",6.8,"31980",4.10609368140582,9.40441771261378,16.8600053204808
"299","Easton, MD Micro Area","solar",1.5,"20660",4.35619044489889,11.0119581805899,18.9763951922284
"300","Allentown-Bethlehem-Easton, PA-NJ Metro Area","solar",91.3,"10900",4.04737349873319,10.7659636693639,16.3812322382478
"301","Spartanburg, SC Metro Area","solar",37.6,"43900",4.70690656011596,9.39464968139237,22.1549693656627
"302","Erie, PA Metro Area","solar",0,"21500",3.8401055943578,9.44469833543302,14.7464109758181
"303","Iron Mountain, MI-WI Micro Area","solar",0,"27020",3.83214301639732,8.55912586034048,14.6853200981228
"304","Farmington, NM Metro Area","solar",0,"22140",5.48699193994603,8.7489998088214,30.1070805490327
"305","Eufaula, AL-GA Micro Area","solar",0,"21640",4.893796799157,8.76776379225782,23.9492471114393
"306","Olean, NY Micro Area","solar",42.2,"36460",3.80178369240617,8.26417352021343,14.4535592438455
"307","Kirksville, MO Micro Area","solar",0,"28860",4.25131437253817,8.93207903494934,18.0736738941496
"308","Albemarle, NC Micro Area","solar",131.4,"10620",4.65996212394545,9.82278365053594,21.7152469966062
"309","Wilmington, NC Metro Area","solar",144.7,"48900",4.67428175405151,9.58385682081276,21.8489099162588
"310","Lakeland-Winter Haven, FL Metro Area","solar",579.7,"29460",5.18630195258069,9.87825493432009,26.8977279433423
"311","Pierre, SD Micro Area","solar",1,"38180",4.24420713301415,7.8166358899481,18.0132941879282
"312","New Iberia, LA Micro Area","solar",0,"35340",4.95463110381931,7.98068460872337,24.5483693749338
"313","Searcy, AR Micro Area","solar",208.8,"42620",4.61752823392975,8.69657132689797,21.3215669911384
"314","Española, NM Micro Area","solar",75.3,"21580",5.28402218644216,9.36823803828512,27.920890466813
"315","Prescott Valley-Prescott, AZ Metro Area","solar",47.7,"39150",5.62715539069402,9.25098155402931,31.6648777910167
"316","Natchitoches, LA Micro Area","solar",0,"35060",4.81304273857155,8.37026238827843,23.1653804033163
"317","Fort Madison, IA Micro Area","solar",0,"22800",4.2119189946219,9.39001954045425,17.7402616172568
"318","Provo-Orem-Lehi, UT Metro Area","solar",84,"39340",4.91837551606852,8.88294747012661,24.1904177170623
"319","Lewisburg, TN Micro Area","solar",0,"30280",4.51685087188645,8.93623234876704,20.4019417988614
"320","Jamestown-Dunkirk, NY Micro Area","solar",15.4,"27460",3.82539091568847,8.68412664046149,14.6336156578319
"321","Garden City, KS Micro Area","solar",0,"23780",5.02906325683562,7.86218711791416,25.2914772412541
"322","Sevierville, TN Micro Area","solar",0,"42940",4.40752196304849,9.98687834211446,19.4262498547548
"323","Marietta, OH Micro Area","solar",0,"31930",4.08051074086782,8.78843126875383,16.6505679063377
"324","State College, PA Metro Area","solar",1.5,"44300",3.93699192649757,9.04832975231248,15.4999054293071
"325","Morgan City, LA Micro Area","solar",0,"34020",4.95242618821657,8.12324786611794,24.5265251497333
"326","Palm Bay-Melbourne-Titusville, FL Metro Area","solar",308,"37340",5.1579062746396,10.490595916838,26.6039971379666
"327","Platteville, WI Micro Area","solar",254,"38420",4.04398762739591,9.2740579437575,16.3538359305312
"328","Dover, DE Metro Area","solar",25.6,"20100",4.31668144417462,9.93860889454132,18.6337386904815
"329","Pullman, WA Micro Area","solar",0,"39420",4.01624829917452,7.85926240360316,16.1302504006222
"330","Shelton, WA Micro Area","solar",0,"43220",3.36863309923303,9.69658565233627,11.3476889572484
"331","Escanaba, MI Micro Area","solar",2.3,"21540",3.81923283376626,8.35112725015918,14.5865394385182
"332","Laredo, TX Metro Area","solar",210,"29700",5.33184589094225,8.82548723039676,28.4285806047578
"333","DeRidder, LA Micro Area","solar",0,"19760",4.80992735898236,8.67271555630394,23.1354011986871
"334","Brownsville-Harlingen, TX Metro Area","solar",180,"15180",5.25480083449555,10.0332038164271,27.6129318102151
"335","Augusta-Richmond County, GA-SC Metro Area","solar",307,"12260",4.79814332444184,8.94814672933479,23.0221793618858
"336","Blacksburg-Christiansburg-Radford, VA Metro Area","solar",0,"13980",4.36652420803956,9.24748612822886,19.0665336593955
"337","Idaho Falls, ID Metro Area","solar",0,"26820",4.44122732481176,9.00590417405047,19.7245001506546
"338","Winston-Salem, NC Metro Area","solar",192.3,"49180",4.57221513656634,10.0895731061918,20.9051512550464
"339","Lexington-Fayette, KY Metro Area","solar",8.5,"30460",4.27642989318605,10.2461800703807,18.2878526313352
"340","Staunton-Stuarts Draft, VA Metro Area","solar",7.9,"44420",4.37011148878545,9.68880151069559,19.0978744244146
"341","Muskogee, OK Micro Area","solar",0,"34780",4.65121439804191,8.78147705852466,21.6337953765523
"342","Santa Rosa-Petaluma, CA Metro Area","solar",13.1,"42220",4.98374719051071,10.7798508727717,24.8377360589234
"343","Longview, TX Metro Area","solar",3,"30980",4.81907747152891,9.01334778079495,23.2235076765975
"344","Edwards, CO Micro Area","solar",0,"20780",4.81430236796449,10.1308675007123,23.1775072901885
"345","Milwaukee-Waukesha, WI Metro Area","solar",22,"33340",4.00925839494675,11.3205395590254,16.074152877451
"346","Houghton, MI Micro Area","solar",0,"26340",3.76317020923861,8.30701770428739,14.1614500237009
"347","Mankato, MN Metro Area","solar",42.6,"31860",3.98138831174996,9.33423425724413,15.8514528889392
"348","Missoula, MT Metro Area","solar",0,"33540",3.82314114798156,8.73777869118206,14.6164082373898
"349","Bremerton-Silverdale-Port Orchard, WA Metro Area","solar",0,"14740",3.35662873711457,11.4723509592353,11.2669564788234
"350","Owatonna, MN Micro Area","solar",23.4,"36940",3.97989585184222,9.32518942143113,15.8395709915109
"351","Santa Cruz-Watsonville, CA Metro Area","solar",2.4,"42100",5.06748870700699,11.3933488807458,25.6794417956433
"352","Kennett, MO Micro Area","solar",0,"28380",4.60077109689951,8.67992147922361,21.1670946860659
"353","Lancaster, PA Metro Area","solar",11.6,"29540",4.15266164511917,11.0040087332487,17.2445987388438
"354","Murrells Inlet, SC Micro Area","solar",0,"34680",4.75934984104421,9.1264590449101,22.6514109094476
"355","Milledgeville, GA Micro Area","solar",0,"33300",4.82066215179848,9.13249635712274,23.2387835817824
"356","Olympia-Lacey-Tumwater, WA Metro Area","solar",0,"36500",3.34737332128403,10.4809411910975,11.2049081520441
"357","Pittsburgh, PA Metro Area","solar",61.8,"38300",3.94989922736662,9.76258542095088,15.6017039063514
"358","Durham-Chapel Hill, NC Metro Area","solar",94.4,"20500",4.57804498582582,10.2590026133922,20.958495892245
"359","Roanoke, VA Metro Area","solar",0,"40220",4.37828180716683,9.54428705429553,19.169351582968
"360","Chattanooga, TN-GA Metro Area","solar",10.8,"16860",4.52237681425954,9.47459222934891,20.4518920501523
"361","Fort Smith, AR-OK Metro Area","solar",0,"22900",4.60339270470605,8.88228018940798,21.1912243937409
"362","Bowling Green, KY Metro Area","solar",0,"14540",4.38059358966026,8.87284356820833,19.1896001977726
"363","Oklahoma City, OK Metro Area","solar",6,"36420",4.87362040265598,9.18803762990016,23.7521758291846
"364","Albany, GA Metro Area","solar",518.8,"10500",4.96233302743302,8.99490267295546,24.6247490751526
"365","Harrisburg-Carlisle, PA Metro Area","solar",7.1,"25420",4.05947493739758,10.1387028670814,16.4793367673591
"366","Knoxville, TN Metro Area","solar",0,"28940",4.44456546582547,9.45699156337164,19.7541621800083
"367","Charlotte-Concord-Gastonia, NC-SC Metro Area","solar",448.7,"16740",4.6720883640662,10.1419447845521,21.8284096816428
"368","La Crosse-Onalaska, WI-MN Metro Area","solar",3.6,"29100",3.98428746721157,9.14254382845338,15.8745466213792
"369","Sweetwater, TX Micro Area","solar",200,"45020",5.37004719883981,8.35201425963699,28.8374069177673
"370","Centralia, WA Micro Area","solar",0,"16500",3.41710515743592,9.11448631921471,11.6766076569752
"371","Raleigh-Cary, NC Metro Area","solar",270.7,"39580",4.60790822594459,10.5192898075837,21.2328182187278
"372","Philadelphia-Camden-Wilmington, PA-NJ-DE-MD Metro Area","solar",386.8,"37980",4.18489175994615,11.4302521517065,17.5133190424652
"373","Richmond, VA Metro Area","solar",636.7,"40060",4.44167918824416,9.98909909504936,19.7285140112813
"374","Texarkana, TX-AR Metro Area","solar",0,"45500",4.74270655026298,8.37481951121073,22.4932654219074
"375","Orlando-Kissimmee-Sanford, FL Metro Area","solar",229.2,"36740",5.10637070616703,10.3801017564911,26.0750217888008
"376","Evansville, IN Metro Area","solar",5,"21780",4.35786820132854,9.44136079892366,18.9910152601504
"377","Tuscaloosa, AL Metro Area","solar",0,"46220",4.7702207775002,8.69254397925096,22.7550062660946
"378","Omaha, NE-IA Metro Area","solar",86,"36540",4.29585274545626,9.90332214678023,18.4543508106441
"379","Santa Maria-Santa Barbara, CA Metro Area","solar",66.3,"42200",5.53818174525278,9.04489263917052,30.6714570434511
"380","Clinton, IA Micro Area","solar",0,"17540",4.12485500836534,9.53180121186099,17.0144288400366
"381","Lynchburg, VA Metro Area","solar",118.6,"31340",4.44746386348423,9.60479446989951,19.7799348169981
"382","Denver-Aurora-Centennial, CO Metro Area","solar",298.9,"19740",4.93726375192714,9.53581249929188,24.3765733560936
"383","Los Angeles-Long Beach-Anaheim, CA Metro Area","solar",1733.4,"31080",5.60470541629477,11.2305484387009,31.4127228034439
"384","Homosassa Springs, FL Metro Area","solar",74.9,"26140",5.1272064374031,10.0799155666781,26.2882458517478
"385","Las Vegas, NM Micro Area","solar",26.5,"29780",5.46129156285874,8.71322225260145,29.8257055345521
"386","Oxford, MS Micro Area","solar",0,"37060",4.67733556871288,8.97543436418124,21.8774680223467
"387","Alexandria, LA Metro Area","solar",0,"10780",4.83453968251991,8.92951175768645,23.3727739418597
"388","Roanoke Rapids, NC Micro Area","solar",569.7,"40260",4.55203267376547,8.43966345139492,20.7210014630284
"389","Steamboat Springs, CO Micro Area","solar",4,"44460",4.69887715774716,8.17207296999646,22.079446543598
"390","Indiana, PA Micro Area","solar",0,"26860",3.9122717623948,8.68535724289572,15.3058703428317
"391","Breckenridge, CO Micro Area","solar",0,"14720",4.81716433111386,10.1790093527352,23.2050721929557
"392","Worcester, MA Metro Area","solar",522.5,"49340",4.02969612244282,10.7992271552587,16.2384508392307
"393","Brenham, TX Micro Area","solar",0,"14780",4.94324834599536,9.4889633520724,24.4357042101859
"394","Charleston-North Charleston, SC Metro Area","solar",6,"16700",4.80039334385683,9.75545228351042,23.043776255745
"395","Topeka, KS Metro Area","solar",2.6,"45820",4.47325590600987,8.9125400623369,20.0100184006522
"396","Boulder, CO Metro Area","solar",11.6,"14500",4.54039131296913,10.9921717625402,20.6151532748856
"397","Mountain Home, ID Micro Area","solar",80,"34300",4.58861471020075,8.46984960214955,21.0553849586707
"398","Columbus, OH Metro Area","solar",959.1,"18140",4.09347433649733,9.90225792796665,16.7565321435623
"399","Taos, NM Micro Area","solar",34.5,"45340",5.26738181063987,8.92307963058049,27.7453111390598
"400","Lafayette, LA Metro Area","solar",0,"29180",4.92689383807822,8.54312528169345,24.2742828916931
"401","Baton Rouge, LA Metro Area","solar",50,"12940",4.88874972195626,9.28652562843276,23.8998738439274
"402","Richmond-Berea, KY Micro Area","solar",0,"40080",4.25576421876354,8.78419277154614,18.111529085708
"403","Bozeman, MT Metro Area","solar",0,"14580",4.06753645144865,8.91700076435788,16.5448527838635
"404","Sandusky, OH Metro Area","solar",0,"41780",4.01335532115745,9.83733776288994,16.1070209338628
"405","Atlantic City-Hammonton, NJ Metro Area","solar",35,"12100",4.28135066906548,9.91597704301361,18.3299635515074
"406","Corning, NY Micro Area","solar",24,"18500",3.86686735897832,8.56670660485878,14.9526631719319
"407","Washington Court House, OH Micro Area","solar",0,"47920",4.18036439222889,9.36939492175629,17.4754464518152
"408","Fort Wayne, IN Metro Area","solar",4.3,"23060",4.07516115630616,9.58003598658591,16.6069384498666
"409","Cedartown, GA Micro Area","solar",7.8,"16340",4.65474008018642,9.31722207338535,21.6666052140938
"410","Warrensburg, MO Micro Area","solar",0,"47660",4.41157698534285,9.18108478480795,19.4620114976067
"411","Nashville-Davidson--Murfreesboro--Franklin, TN Metro Area","solar",1.4,"34980",4.44952876743362,9.67766522485725,19.7983062522194
"412","Martinsville, VA Micro Area","solar",86,"32300",4.48763913550447,9.27241797044923,20.1389050105113
"413","Ottawa, IL Micro Area","solar",50,"36837",4.13179501538651,9.63534933713972,17.0717300491728
"414","Albert Lea, MN Micro Area","solar",3.5,"10660",4.00772996589784,9.08447704667916,16.0618994795555
"415","Yuma, AZ Metro Area","solar",727.4,"49740",5.95200256734266,8.28242899977357,35.4263345616536
"416","Alamosa, CO Micro Area","solar",151.1,"10480",5.31141381923297,8.30284585962178,28.211116759139
"417","Greensburg, IN Micro Area","solar",1.1,"24700",4.21890697338367,9.46922641292424,17.7991760500654
"418","Port Townsend, WA Micro Area","solar",0,"39040",3.31983151132896,9.35042029877862,11.0212812636127
"419","Tullahoma-Manchester, TN Micro Area","solar",0,"46100",4.5135937440763,9.0355371451498,20.3725284865647
"420","Greenville-Anderson-Greer, SC Metro Area","solar",15,"24860",4.72275273744733,9.80483620684813,22.3043934190663
"421","Seattle-Tacoma-Bellevue, WA Metro Area","solar",0,"42660",3.27898713657996,9.93100096763064,10.7517566418568
"422","Williston, ND Micro Area","solar",0,"48780",3.870989137963,8.05120403564062,14.9845569062276
"423","York-Hanover, PA Metro Area","solar",61.6,"49620",4.15967418740413,10.9561049805747,17.3028893453562
"424","San Jose-Sunnyvale-Santa Clara, CA Metro Area","solar",180.5,"41940",5.36297345359194,9.65097690202572,28.7614842639319
"425","Monticello, NY Micro Area","solar",31.8,"33910",3.96318981817988,9.72945432276316,15.7068735349247
"426","Red Bluff, CA Micro Area","solar",8.4,"39780",4.97557315926058,8.37485292205572,24.7563282631543
"427","Savannah, GA Metro Area","solar",26.2,"42340",4.86567770288669,9.86852556629812,23.6748195083687
"428","Myrtle Beach-Conway-North Myrtle Beach, SC Metro Area","solar",58.6,"34820",4.7481301200363,9.61957958213871,22.5447396367959
"429","Odessa, TX Metro Area","solar",196.8,"36220",5.7235152335721,8.96335593307482,32.7586266289319
"430","Monroe, MI Metro Area","solar",20,"33780",4.01111829830817,10.0576346609412,16.0890700030226
"431","Chambersburg, PA Metro Area","solar",238.5,"16540",4.10789140299631,9.96753073100802,16.874771778811
"432","Frankfort, KY Micro Area","solar",0,"23180",4.2746218770717,9.37182797701516,18.27239219194
"433","Mount Vernon-Anacortes, WA Metro Area","solar",0,"34580",3.24333255414334,8.73481068393534,10.519206056766
"434","Palestine, TX Micro Area","solar",0,"37300",4.86355068275925,8.86346460365729,23.6541252437679
"435","Martin, TN Micro Area","solar",0,"32280",4.49935742314754,8.53359478605368,20.2442172212329
"436","Walla Walla, WA Metro Area","solar",0,"47460",4.12830963979794,8.27604976465941,17.0429404820486
"437","Moses Lake, WA Micro Area","solar",0,"34180",4.17448682188437,8.3960178507421,17.4263402260863
"438","Washington-Arlington-Alexandria, DC-VA-MD-WV Metro Area","solar",826.5,"47900",4.28092334279417,11.4435263440591,18.32630466688
"439","Deltona-Daytona Beach-Ormond Beach, FL Metro Area","solar",149.8,"19660",5.02707135369527,10.0227837999877,25.2714463951436
"440","New York-Newark-Jersey City, NY-NJ Metro Area","solar",811.7,"35620",4.12904077610033,12.4956534797768,17.0489777306993
"441","Astoria, OR Micro Area","solar",0,"11820",3.29942950743054,9.25006988104554,10.8862350745033
"442","San Antonio-New Braunfels, TX Metro Area","solar",153.7,"41700",5.0602817063881,10.042361537808,25.606450948006
"443","Vidalia, GA Micro Area","solar",0,"47080",4.90463701238802,8.47433241051125,24.0554642232864
"444","Charleston, WV Metro Area","solar",0,"16620",4.12336458303494,8.05587022523583,17.0021354846269
"445","Rifle, CO Micro Area","solar",15.3,"40090",4.82549399633033,8.91225257009036,23.28539230862
"446","Mobile, AL Metro Area","solar",0,"33660",4.89889846568495,9.5406063857858,23.9992061770903
"447","Columbia, MO Metro Area","solar",10,"17860",4.35767625760199,9.34470624208205,18.9893423660681
"448","Kiryas Joel-Poughkeepsie-Newburgh, NY Metro Area","solar",169.5,"28880",4.04457009326093,10.9685883810449,16.3585472393008
"449","Ogden, UT Metro Area","solar",1.3,"36260",4.69474639033893,10.2373516956328,22.0406436696004
"450","Grand Rapids-Wyoming-Kentwood, MI Metro Area","solar",11.1,"24340",3.93332025459028,9.93812580291452,15.4710082251701
"451","Picayune, MS Micro Area","solar",0,"38100",4.87064470304606,9.27888349536189,23.7231798233107
"452","Florence, SC Metro Area","solar",55.2,"22500",4.75839375270337,8.69784694720798,22.6423111057664
"453","Jefferson City, MO Metro Area","solar",0,"27620",4.37803162787031,9.05351684237049,19.1671609346327
"454","Albuquerque, NM Metro Area","solar",578.5,"10740",5.55354535199331,9.15885591484554,30.8418659766465
"455","Harrisonburg, VA Metro Area","solar",33.5,"25500",4.30927624797383,9.5333277865902,18.5698617813514
"456","Valdosta, GA Metro Area","solar",360.3,"46660",4.98076757421134,8.90641245733632,24.8080456283151
"457","Fort Collins-Loveland, CO Metro Area","solar",59.4,"22660",4.53969416061068,9.76849950181068,20.6088230718827
"458","Seymour, IN Micro Area","solar",1.1,"42980",4.24606054235302,8.99012641025941,18.0290301293272
"459","Jefferson, GA Micro Area","solar",0,"27600",4.73734562405655,10.2300230124381,22.4424435617677
"460","Lima, OH Metro Area","solar",0,"30620",4.06117730686715,9.58171266771051,16.4931611178127
"461","Virginia Beach-Chesapeake-Norfolk, VA-NC Metro Area","solar",1120.7,"47260",4.48509866864291,10.0432767478344,20.1161100674624
"462","Burlington-South Burlington, VT Metro Area","solar",43.5,"15540",3.68531088924741,9.2699900980325,13.5815163504055
"463","Shelbyville, TN Micro Area","solar",35,"43180",4.50188759203707,9.13253624537464,20.2669918913374
"464","Columbus, GA-AL Metro Area","solar",134.6,"17980",4.84237898843215,9.0038618945494,23.4486342676092
"465","Phoenix-Mesa-Chandler, AZ Metro Area","solar",3915.1,"38060",5.81555888396415,9.73159383244764,33.8207251328543
"466","Huntsville, AL Metro Area","solar",22.9,"26620",4.59553727915998,9.82272711495603,21.1189628841491
"467","Cincinnati, OH-KY-IN Metro Area","solar",292.2,"17140",4.18997588091262,10.1330432970003,17.5558978826294
"468","Portland-South Portland, ME Metro Area","solar",116.3,"38860",3.95839657275385,10.3654773885083,15.6689034271894
"469","Victoria, TX Metro Area","solar",0,"47020",4.99476196506548,9.38803030850629,24.9476470876648
"470","Key West-Key Largo, FL Micro Area","solar",0,"28580",5.30165388083469,9.66190042359411,28.1075338721695
"471","Petoskey, MI Micro Area","solar",0,"37950",3.82344431913134,8.90839384689416,14.6187264614977
"472","Austin-Round Rock-San Marcos, TX Metro Area","solar",181.6,"12420",5.00451472721308,10.5418739942002,25.0451676548926
"473","Vallejo, CA Metro Area","solar",25.7,"46700",5.16230176398606,10.244985527948,26.6493595024536
"474","Yakima, WA Metro Area","solar",0,"49420",4.23880109288414,8.61970356123501,17.9674347050358
"475","Waycross, GA Micro Area","solar",84.9,"48180",4.92499169369421,8.45041287000489,24.255543182957
"476","Somerset, PA Micro Area","solar",0,"43740",3.97308452657287,8.92803778569473,15.7854006552927
"477","Laurinburg, NC Micro Area","solar",143.7,"29900",4.67602372143048,8.66911151352288,21.8651978433805
"478","Dothan, AL Metro Area","solar",0,"20020",4.97021740555745,8.93322829223479,24.7030610585062
"479","Decatur, AL Metro Area","solar",0,"19460",4.6256041335789,9.26101466948492,21.3962136005822
"480","Washington, IN Micro Area","solar",13.9,"47780",4.28102335754199,8.68108143383206,18.3271609878201
"481","St. Joseph, MO-KS Metro Area","solar",0,"41140",4.35173692723511,8.9717408038432,18.9376142838617
"482","Wabash, IN Micro Area","solar",0,"47340",4.08271049240206,9.10488078468724,16.6685249647699
"483","Miami-Fort Lauderdale-West Palm Beach, FL Metro Area","solar",375.4,"33100",5.18530001077078,10.6974202790607,26.8873362016994
"484","Macon-Bibb County, GA Metro Area","solar",353,"31420",4.82370572353445,9.10584224537561,23.268136907259
"485","Brigham City, UT-ID Micro Area","solar",163.1,"14940",4.66525032547392,7.49150323864792,21.7645605993346
"486","Lewiston, ID-WA Metro Area","solar",0,"30300",3.9972748020862,8.32288457499582,15.9782058433933
"487","Eugene-Springfield, OR Metro Area","solar",0,"21660",3.9434580572489,9.45313264892464,15.5508614492813
"488","Norwich-New London-Willimantic, CT Metro Area","solar",73.4,"35980",4.09754236148725,10.8140605939008,16.7898534041825
"489","Paris, TN Micro Area","solar",6.8,"37540",4.48067769728446,8.63495054497009,20.0764726269424
"490","Reno, NV Metro Area","solar",471.2,"39900",5.12274607335704,7.53896024077501,26.242527332095
"491","Le Mars, IA Micro Area","solar",0,"30180",4.18130769115037,9.60462140281038,17.4833340080733
"492","Vineland, NJ Metro Area","solar",50.2,"47220",4.28320280778637,9.61273256144916,18.345826292629
"493","Baltimore-Columbia-Towson, MD Metro Area","solar",227.1,"12580",4.25199784175867,11.5960516369875,18.0794856463204
"494","El Dorado, AR Micro Area","solar",1.8,"20980",4.74075253098934,8.61905312234006,22.4747345600818
"495","Marquette, MI Micro Area","solar",0,"32100",3.77368837338152,8.39527668676468,14.2407239393949
"496","Rochester, MN Metro Area","solar",72.2,"40340",3.96580624059028,9.38275655157156,15.7276191379048
"497","Syracuse, NY Metro Area","solar",126.7,"45060",3.78824915007159,9.08009384786097,14.3508316230182
"498","Twin Falls, ID Metro Area","solar",222,"46300",4.60748386429986,8.36409521359423,21.2289075597836
"499","Houston-Pasadena-The Woodlands, TX Metro Area","solar",1197.7,"26420",4.87937428481038,10.2675776452587,23.8082934112688
"500","San Diego-Chula Vista-Carlsbad, CA Metro Area","solar",119.4,"41740",5.70598227055294,9.82238152728402,32.5582336718644
"501","Elizabeth City, NC Micro Area","solar",42.9,"21020",4.53976939794875,9.62919862702166,20.6095061865519
"502","Huntingdon, PA Micro Area","solar",0,"26500",3.97647630860621,8.99544830958558,15.8123638329065
"503","Lincoln, NE Metro Area","solar",4,"30700",4.39694305969713,9.68060012660177,19.3331082702188
"504","Findlay, OH Micro Area","solar",2,"22300",4.04684802886841,9.42481651261588,16.3769789687561
"505","Amarillo, TX Metro Area","solar",0,"11100",5.38091723844249,8.055464330267,28.9542703269676
"506","Laurel, MS Micro Area","solar",0,"29860",4.84353788160846,9.06136100420852,23.4598592105762
"507","Show Low, AZ Micro Area","solar",55.3,"43320",5.5754939257974,8.08142985968402,31.0861325166037
"508","Minot, ND Metro Area","solar",0,"33500",3.80934812426229,7.99329267997385,14.5111331318206
"509","Grenada, MS Micro Area","solar",0,"24980",4.73406303670891,8.4557594393569,22.4113528355336
"510","Fargo, ND-MN Metro Area","solar",6,"22020",3.82068076880219,8.61046745379515,14.5976015370949
"511","Stephenville, TX Micro Area","solar",9.9,"44500",5.11495274678177,9.2009517707292,26.1627416018104
"512","Jackson, MI Metro Area","solar",35,"27100",3.98110891901141,9.59863033538879,15.8492282250322
"513","Ardmore, OK Micro Area","solar",0,"11620",4.89256393738755,8.3918484223511,23.9371818814252
"514","Dubuque, IA Metro Area","solar",3.4,"20220",4.07261271781652,9.92902596336074,16.5861743493208
"515","Niles, MI Metro Area","solar",4.6,"35660",4.00463159534415,10.0983903239553,16.0370742144286
"516","Jasper, IN Micro Area","solar",2,"27540",4.29137027192959,8.9409419416918,18.415858810801
"517","Whitewater-Elkhorn, WI Micro Area","solar",7.5,"48580",4.04313023656975,10.3716752569352,16.3469021098645
"518","Canton, IL Micro Area","solar",0,"15900",4.22695362897236,9.18553068058146,17.8671369814826
"519","Lansing-East Lansing, MI Metro Area","solar",93.4,"29620",3.94632144003245,9.66256703867832,15.5734529080598
"520","Decatur, IL Metro Area","solar",0,"19500",4.25596056396051,10.0878330754378,18.113200321987
"521","LaGrange, GA-AL Micro Area","solar",83,"29300",4.78504232818338,9.37432771447765,22.8966300825066
"522","Spearfish, SD Micro Area","solar",0,"43940",4.37034758705109,10.1240415734275,19.0999380316433
"523","Bemidji, MN Micro Area","solar",0,"13420",3.70932467376507,7.80742420782455,13.7590895354024
"524","Springfield, OH Metro Area","solar",1.5,"44220",4.14388907434036,9.87520049199515,17.1718166604374
"525","Aberdeen, SD Micro Area","solar",0,"10100",4.05432433650978,8.16269956132228,16.4375458256155
"526","Kinston, NC Micro Area","solar",93.9,"28820",4.6258549753712,8.97215536472114,21.3985342531665
"527","Pontiac, IL Micro Area","solar",2,"38700",4.17099029366146,9.47195339081218,17.3971600298181
"528","Beatrice, NE Micro Area","solar",0,"13100",4.44662012036061,8.63503247940065,19.7724304947958
"529","Putnam, CT Micro Area","solar",77.6,"39480",4.05650450210028,10.1891724692115,16.4552287755598
"530","Rutland, VT Micro Area","solar",22.4,"40860",3.81190486877268,8.84513906738255,14.5306187285728
"531","Midland, TX Metro Area","solar",0,"33260",5.63810326825716,9.23905567787201,31.788208463532
"532","Reading, PA Metro Area","solar",23.8,"39740",4.08487002200282,10.7035654067209,16.6861630966573
"533","Red Wing, MN Micro Area","solar",46.3,"39860",3.9418121679296,9.38363943277501,15.5378831672379
"534","Great Bend, KS Micro Area","solar",0,"24460",4.79717667695094,8.40861737202404,23.012904069882
"535","Ponca City, OK Micro Area","solar",0,"38620",4.76885124210672,8.2400174269217,22.7419421693428
"536","Kankakee, IL Metro Area","solar",21.2,"28100",4.12979620221765,9.89640192813634,17.0552166718513
"537","Frankfort, IN Micro Area","solar",0,"23140",4.15996340437105,9.20414194549048,17.3052955257064
"538","Owosso, MI Micro Area","solar",279,"37020",3.93511040436949,9.37748592689112,15.485093894577
"539","Jacksonville, IL Micro Area","solar",38,"27300",4.29980264714268,9.38560219525648,18.4883028043752
"540","Hannibal, MO Micro Area","solar",0,"25300",4.309716149159,9.21534126538497,18.5736532863219
"541","Bartlesville, OK Micro Area","solar",0,"12780",4.65431388333185,9.13434942511012,21.6626377245756
"542","Casper, WY Metro Area","solar",0,"16220",4.57697802062369,8.80339635141243,20.9487278012724
"543","South Bend-Mishawaka, IN-MI Metro Area","solar",178.7,"43780",4.00756421803859,9.67477662450375,16.0605709617033
"544","Altoona, PA Metro Area","solar",0,"11020",3.94374963624022,9.09809771003659,15.5531611933448
"545","Alice, TX Micro Area","solar",9.5,"10860",5.1865905293662,8.95776409020583,26.9007213193112
"546","Marshalltown, IA Micro Area","solar",0,"32260",4.13065515963928,9.99352637240605,17.0623120478546
"547","Shawano, WI Micro Area","solar",7.5,"43020",3.93973101297105,8.94697171008161,15.5214804545659
"548","Fort Leonard Wood, MO Micro Area","solar",2.8,"22780",4.43717414374331,8.75044462639883,19.6885143819042
"549","Wilmington, OH Micro Area","solar",0,"48940",4.1835133401158,9.65889007198265,17.5017838669269
"550","Manchester-Nashua, NH Metro Area","solar",2.4,"31700",3.98009604429514,10.7129676018937,15.8411645218138
"551","Lewistown, PA Micro Area","solar",0,"30380",3.96652476849932,9.10747534292231,15.7333187391186
"552","Starkville, MS Micro Area","solar",0,"44260",4.73936916389258,8.93070430063672,22.4616200716559
"553","Rapid City, SD Metro Area","solar",128,"39660",4.3850681951131,8.22981675861179,19.2288230757924
"554","Gillette, WY Micro Area","solar",0,"23940",4.3519877829975,8.49733616341731,18.9397976633595
"555","Clovis, NM Micro Area","solar",2,"17580",5.61992482582962,7.94898236352286,31.5835550479761
"556","St. George, UT Metro Area","solar",2,"41100",5.40858536813828,9.15808943547026,29.2527956844395
"557","Danville, KY Micro Area","solar",0,"19220",4.30813199350063,8.94966025843112,18.5600012734237
"558","Hood River, OR Micro Area","solar",0,"26220",4.00524567873132,9.34616457885809,16.0419929469959
"559","Wilson, NC Micro Area","solar",122,"48980",4.62275473352607,9.29884053553956,21.3698613263377
"560","Alma, MI Micro Area","solar",0,"10940",3.94633385147224,9.17783293687706,15.5735508672757
"561","Sterling, CO Micro Area","solar",16.6,"44540",4.80831196597696,7.34699845823453,23.1198639621572
"562","Sterling, IL Micro Area","solar",17,"44580",4.11515501406246,9.42038625451249,16.9345007897634
"563","Lincoln, IL Micro Area","solar",70,"30660",4.2487102947416,9.41945803569884,18.0515391686433
"564","Santa Fe, NM Metro Area","solar",9.3,"42140",5.4851114980271,9.79509499791413,30.0864481457891
"565","Guymon, OK Micro Area","solar",0,"25100",5.22601512228846,7.71441540876051,27.3112340583876
"566","Moscow, ID Micro Area","solar",0,"34140",3.84490478364647,8.73636508891718,14.7832927953075
"567","Bainbridge, GA Micro Area","solar",356,"12460",4.99729352880508,8.92714068521228,24.9729426130371
"568","Peru, IN Micro Area","solar",15.4,"37940",4.09417251876097,9.14169392053686,16.7622486133776
"569","Brookings, SD Micro Area","solar",0,"15100",4.09368711878768,8.8560053933036,16.7582742265282
"570","Athens, OH Micro Area","solar",0,"11900",4.1146852224361,8.80884978517893,16.930634479734
"571","Somerset, KY Micro Area","solar",0,"43700",4.30722701806636,8.64984907112624,18.5522045851608
"572","Naples-Marco Island, FL Metro Area","solar",74.5,"34940",5.20797128085254,9.79714949827067,27.1229648621849
"573","Anniston-Oxford, AL Metro Area","solar",7.4,"11500",4.67213765590525,9.8170439262601,21.8288702757278
"574","Saginaw, MI Metro Area","solar",6,"40980",3.94292727370706,9.45296070043989,15.546675485743
"575","Fremont, NE Micro Area","solar",1.4,"23340",4.29578655441961,9.33724773269064,18.4537821211323
"576","Bay City, MI Metro Area","solar",0,"13020",3.95449772011692,9.36870943230173,15.6380522184099
"577","Seneca Falls, NY Micro Area","solar",9,"42900",3.82323355668225,9.19487573705215,14.6171148289412
"578","Wapakoneta, OH Micro Area","solar",17.5,"47540",4.08174823315305,9.45755718850951,16.660668638848
"579","Kalamazoo-Portage, MI Metro Area","solar",1,"28020",3.96530576561609,10.0349801046342,15.7236498148282
"580","Franklin, KY Micro Area","solar",2.5,"23190",4.42625402639785,9.28305547851655,19.5917247062032
"581","Auburn, IN Micro Area","solar",12,"12140",4.04833796939523,9.16452041523381,16.3890403144471
"582","Punta Gorda, FL Metro Area","solar",159,"39460",5.27745713056918,10.032742485132,27.8515537649955
"583","Celina, OH Micro Area","solar",4,"16380",4.10069609772483,9.4409321058943,16.8157084858956
"584","Brattleboro, VT Micro Area","solar",3.8,"14710",3.93119638617113,9.10717105254149,15.4543050266449
"585","Enid, OK Metro Area","solar",10,"21420",4.86305119811288,8.1109494715329,23.6492669554672
"586","Adrian, MI Micro Area","solar",22,"10300",4.02879515941892,9.37592479253371,16.2311904365573
"587","Sheboygan, WI Metro Area","solar",153.3,"43100",3.95377097791686,9.82384963489949,15.6323049458176
"588","Marshall, MN Micro Area","solar",69,"32140",4.03565383087002,9.10454255573064,16.2865018426159
"589","Malvern, AR Micro Area","solar",0,"31680",4.6204222991048,8.74503205661579,21.3483022220649
"590","Columbus, NE Micro Area","solar",0,"18100",4.34735279693308,8.88400364631056,18.8994763410019
"591","Johnstown, PA Metro Area","solar",100,"27780",3.92232578385101,8.79291857113205,15.3846395546624
"592","San Angelo, TX Metro Area","solar",359.8,"41660",5.40958003018139,8.92268985349985,29.2635561029373
"593","Galesburg, IL Micro Area","solar",2,"23660",4.18961516293612,9.26010891889395,17.5528752135043
"594","Mount Vernon, OH Micro Area","solar",0,"34540",4.03946245823288,9.27586587963837,16.3172569514728
"595","Decatur, IN Micro Area","solar",0,"19540",4.09520293755057,9.38004673912887,16.7706870997228
"596","Enterprise, AL Micro Area","solar",0,"21460",4.93052596242752,9.03615265396416,24.3100862661718
"597","Manitowoc, WI Micro Area","solar",250,"31820",3.93112767268289,9.48012897598068,15.4537647789332
"598","Gallipolis, OH Micro Area","solar",0,"23680",4.16477308729248,8.50246977878176,17.3453348686358
"599","Coshocton, OH Micro Area","solar",0,"18740",4.0291490312388,8.87503172968576,16.2340419159326
"600","Zapata, TX Micro Area","solar",0,"49820",5.40208807523136,8.18462815133171,29.1825555725569
"601","Laconia, NH Micro Area","solar",0,"29060",3.95051904196724,10.0841224429126,15.6066007009457
"602","Mountain Home, AR Micro Area","solar",0,"34260",4.54891582632397,9.06965750843136,20.6926351949807
"603","Rochelle, IL Micro Area","solar",6,"40300",4.08508627664063,9.67620677390411,16.6879298875976
"604","Faribault-Northfield, MN Micro Area","solar",45.3,"22060",3.95629315310511,9.63604183849588,15.6522555133064
"605","Mitchell, SD Micro Area","solar",0,"33580",4.19403599298161,8.54518156416101,17.5899379104253
"606","Storm Lake, IA Micro Area","solar",0,"44740",4.13938379390297,9.60415646262151,17.1344981932265
"607","Sierra Vista-Douglas, AZ Metro Area","solar",219,"43420",5.85931868405553,8.34514817497684,34.3316154413222
"608","Pella, IA Micro Area","solar",0,"37800",4.17595011862233,9.63673133859257,17.4385593932219
"609","Bloomington, IN Metro Area","solar",1.1,"14020",4.22622415407804,9.51323676676468,17.8609706005126
"610","Norfolk, NE Micro Area","solar",9.5,"35740",4.30536822698312,8.72759461960848,18.5361955699158
"611","Moberly, MO Micro Area","solar",0,"33620",4.32457609565002,9.05719490819095,18.7019584070676
"612","Alexander City, AL Micro Area","solar",0,"10760",4.79242639415546,9.34111878912565,22.9673507433979
"613","Warsaw, IN Micro Area","solar",0,"47700",4.05468373754524,9.29899878220947,16.4404602115138
"614","Dalton, GA Metro Area","solar",9.5,"19140",4.56228876313516,9.78904221028934,20.8144787582294
"615","Dayton-Kettering-Beavercreek, OH Metro Area","solar",16.2,"19430",4.14735562866936,10.3550388757305,17.2005587106554
"616","Rock Springs, WY Micro Area","solar",92,"40540",4.75070152162556,8.155010216637,22.5691649475755
"617","Spirit Lake, IA Micro Area","solar",0,"44020",4.08835433591721,9.93957492308144,16.714641176013
"618","Lebanon, MO Micro Area","solar",2.5,"30060",4.46528531289109,8.79354122868993,19.9387729255209
"619","Hermitage, PA Micro Area","solar",0,"25850",3.8838599789992,9.23919072201587,15.0843683364717
"620","Stevens Point-Plover, WI Micro Area","solar",0,"44620",3.95494041419661,9.1598873244449,15.6415536798457
"621","Las Cruces, NM Metro Area","solar",47.1,"29740",5.92906577695525,8.91230432946634,35.153820987462
"622","Canton-Massillon, OH Metro Area","solar",1.9,"15940",3.97629010770453,9.85241832458522,15.8108830206289
"623","New Philadelphia-Dover, OH Micro Area","solar",0,"35420",4.00081471783276,9.25021800628361,16.0065184064272
"624","Iowa City, IA Metro Area","solar",3,"26980",4.15421335978388,9.94214888899118,17.2574886386068
"625","Ann Arbor, MI Metro Area","solar",1,"11460",3.99524849783154,10.5143330971469,15.9620105594252
"626","Harrison, AR Micro Area","solar",0,"25460",4.56751105795659,8.49271388556582,20.8621572645557
"627","Torrington, CT Micro Area","solar",15,"45860",4.03405290052052,10.6719818978383,16.273582804198
"628","Blackfoot, ID Micro Area","solar",0,"13940",4.46466623170704,9.21108960713095,19.9332445605451
"629","Dodge City, KS Micro Area","solar",0,"19980",4.99226692129305,7.84781440272771,24.9227290134368
"630","Fergus Falls, MN Micro Area","solar",49.9,"22260",3.86714972355446,8.73798626127187,14.9548469843873
"631","Pampa, TX Micro Area","solar",0,"37420",5.24641871438595,7.633932409118,27.5249093266591
"632","Newport, OR Micro Area","solar",0,"35440",3.5960590348116,9.25402683179633,12.9316405818502
"633","Bangor, ME Metro Area","solar",14.2,"12620",3.74247683661713,7.63159160119809,14.0061328726158
"634","Rolla, MO Micro Area","solar",2.8,"40620",4.43805386619342,8.77418971888392,19.6963221192343
"635","Tupelo, MS Micro Area","solar",0,"46180",4.66047407642875,9.23420507027268,21.7200186170644
"636","Wausau, WI Metro Area","solar",0,"48140",3.91244518619009,9.02929974117081,15.307227334942
"637","Janesville-Beloit, WI Metro Area","solar",117.1,"27500",4.05105623353176,9.7244134719164,16.4110566072365
"638","Burley, ID Micro Area","solar",0,"15420",4.56513424236892,8.21657816290299,20.8404506508493
"639","Lawrence, KS Metro Area","solar",1.3,"29940",4.44732697623168,9.72421997958647,19.778717233518
"640","Raymondville, TX Micro Area","solar",0,"39700",5.24924305449484,9.36820933549324,27.5545526451623
"641","Madison, IN Micro Area","solar",0,"31500",4.23463895056372,9.1118323227777,17.9321670416314
"642","Elkhart-Goshen, IN Metro Area","solar",1.5,"21140",4.02940830017899,9.84078361616388,16.2361312495513
"643","Ashland, OH Micro Area","solar",0,"11740",3.99401609308404,9.55479403779464,15.9521645518143
"644","Carlsbad-Artesia, NM Micro Area","solar",30.1,"16100",5.77841147094188,7.18191099452062,33.3900391275127
"645","Union City, TN Micro Area","solar",108,"46460",4.52385674655514,8.54401863143769,20.4652798633524
"646","Pittsburg, KS Micro Area","solar",0,"38260",4.53832553118797,8.51260264286326,20.5963986270326
"647","Centralia, IL Micro Area","solar",0,"16460",4.34038231961521,8.71196666028765,18.8389186804283
"648","Deming, NM Micro Area","solar",91.2,"19700",5.95839871740028,7.81361835048742,35.5025152755173
"649","Hereford, TX Micro Area","solar",0,"25820",5.49004999443568,8.06395320429116,30.1406489414032
"650","Clarksdale, MS Micro Area","solar",0,"17260",4.74948522405335,8.65278765010848,22.5576098935011
"651","Elkins, WV Micro Area","solar",0,"21180",4.0443783846635,8.49137538121289,16.3569965183333
"652","Fairmont, WV Micro Area","solar",0,"21900",4.03252593203953,8.93882904911041,16.2612653925713
"653","Snyder, TX Micro Area","solar",641,"43660",5.4328985715429,7.68477216958766,29.5163868886729
"654","Cadillac, MI Micro Area","solar",2,"15620",3.83822277413681,8.91307712306308,14.7319540639025
"655","McComb, MS Micro Area","solar",0,"32620",4.85548304726365,9.00387185781443,23.5757156222647
"656","Rockford, IL Metro Area","solar",19.9,"40420",4.0650893231908,10.322460101706,16.5249512055199
"657","Amsterdam, NY Micro Area","solar",63,"11220",3.8772003041948,8.91266298883649,15.0326821988482
"658","Abilene, TX Metro Area","solar",200,"10180",5.28070971519534,8.58704432628064,27.8858950961584
"659","Rice Lake, WI Micro Area","solar",9.3,"39960",3.88557536102949,9.03646653249449,15.0976958862395
"660","Forrest City, AR Micro Area","solar",2,"22620",4.67428711759204,8.45957791132245,21.8489600576869
"661","Battle Creek, MI Metro Area","solar",322,"12980",3.97465397022826,9.33640625993494,15.7978741830513
"662","Bradford, PA Micro Area","solar",0,"14620",3.82054509131177,8.15510182600105,14.5965647947465
"663","Tahlequah, OK Micro Area","solar",0,"45140",4.60134909149699,8.63303890425476,21.1724134618202
"664","Brownwood, TX Micro Area","solar",320,"15220",5.20322427047803,8.50395378842742,27.0735428088917
"665","McAlester, OK Micro Area","solar",0,"32540",4.68945744787828,8.12737160294669,21.9910111554611
"666","Beaver Dam, WI Micro Area","solar",150,"13180",3.99426921639483,9.31340197318857,15.9541865730393
"667","Danville, IL Micro Area","solar",7.6,"19180",4.19292299254633,9.48115039735106,17.5806032214237
"668","Jamestown, ND Micro Area","solar",0,"27420",3.88058353757875,7.88409383372413,15.0589285921272
"669","Williamsport, PA Metro Area","solar",0,"48700",3.92240305857222,9.07005477801938,15.3852457538967
"670","Gloversville, NY Micro Area","solar",44.2,"24100",3.86104592421586,8.53629674437705,14.9076756289039
"671","Thomasville, GA Micro Area","solar",3.4,"45620",4.9933675944559,9.18627267172525,24.9337199333623
"672","Othello, WA Micro Area","solar",19.2,"36830",4.16437130846216,7.31221009777779,17.3419883947428
"673","Coldwater, MI Micro Area","solar",23.3,"17740",4.00307478979829,9.23371458978612,16.0246077727187
"674","Monroe, LA Metro Area","solar",200,"33740",4.81248771417516,8.91050500081627,23.1600379990869
"675","Chicago-Naperville-Elgin, IL-IN Metro Area","solar",360.3,"16980",4.08785008271918,11.0739220655135,16.7105182987872
"676","Angola, IN Micro Area","solar",0,"11420",4.03230340410507,9.25194144288589,16.2594707427574
"677","Burlington, NC Metro Area","solar",31.2,"15500",4.58453557783154,10.2382770575093,21.0179664644032
"678","Bonham, TX Micro Area","solar",216.1,"14300",4.83171702596248,8.94030083324323,23.3454894189757
"679","Rome, GA Metro Area","solar",0,"40660",4.61801431004514,9.51375271071093,21.3260561677817
"680","Goldsboro, NC Metro Area","solar",140.6,"24140",4.65059549056622,9.4806817306941,21.6280384168749
"681","Uvalde, TX Micro Area","solar",100,"46620",5.10518172525775,8.93279402151287,26.0628804479057
"682","Laramie, WY Micro Area","solar",0,"29660",4.54262848511008,8.64726425741753,20.6354735537335
"683","Spencer, IA Micro Area","solar",0,"43980",4.11295812593463,9.68033774129327,16.9164245456917
"684","Bennington, VT Micro Area","solar",4.2,"13540",3.82158906724161,8.83242623566704,14.6045429988606
"685","Monticello, IN Micro Area","solar",445,"33900",4.13118867617297,9.44985664902147,17.0667198781398
"686","Gettysburg, PA Metro Area","solar",80,"23900",4.15609013664157,10.3465067503274,17.2730852238893
"687","Russellville, AL Micro Area","solar",0,"40770",4.64303014118417,8.53692998872972,21.5577288919447
"688","Fairmont, MN Micro Area","solar",0,"21860",4.03980184835129,9.00552356253331,16.3199989739425
"689","Chillicothe, OH Micro Area","solar",323.9,"17060",4.1422104984847,9.01789513314861,17.1579078137569
"690","West Plains, MO Micro Area","solar",8,"48460",4.53802844034758,8.65104584954251,20.5937021254035
"691","Roswell, NM Micro Area","solar",173.1,"40740",5.7044526980511,7.6878634998459,32.5407805843025
"692","Hastings, NE Micro Area","solar",0.3,"25580",4.52884691713458,8.70654969251052,20.5104543988393
"693","Akron, OH Metro Area","solar",3.8,"10420",3.93406754107855,10.9320103537726,15.4768874177679
"694","Plymouth, IN Micro Area","solar",6.8,"38500",4.06028889760941,9.28084077467702,16.4859459320502
"695","Hutchinson, MN Micro Area","solar",25.5,"26780",3.95350576720722,9.46990899070464,15.6302078513407
"696","Menomonie, WI Micro Area","solar",4,"32860",3.91449817773193,9.18062839513959,15.3232959834666
"697","Emporia, KS Micro Area","solar",1,"21380",4.58703609160563,8.22091249512443,21.0409001056927
"698","Carroll, IA Micro Area","solar",0,"16140",4.19031278943674,9.68411538711624,17.5587212733171
"699","Hays, KS Micro Area","solar",0,"25700",4.80150253577882,8.03956498938571,23.0544266010905
"700","Lubbock, TX Metro Area","solar",4.4,"31180",5.52169197811947,8.08120371051804,30.4890823012289
"701","Fort Dodge, IA Micro Area","solar",100,"22700",4.12415011987794,9.67199318245568,17.0086142112892
"702","Medford, OR Metro Area","solar",19.9,"32780",4.49845146446919,9.09668349430201,20.236065578185
"703","Scottsbluff, NE Micro Area","solar",4.4,"42420",4.6598916376309,7.80965037385765,21.7145900744624
"704","Massena-Ogdensburg, NY Micro Area","solar",61.1,"32390",3.7426932003748,8.29183070733033,14.0077523921317
"705","Greensboro-High Point, NC Metro Area","solar",117.5,"24660",4.58260073929921,10.1671932622492,21.0002295358257
"706","Effingham, IL Micro Area","solar",0,"20820",4.29153975439154,9.32544336610325,18.417313463523
"707","Corinth, MS Micro Area","solar",0,"18420",4.61287282333999,8.61863799996421,21.2785956843087
"708","Sturgis, MI Micro Area","solar",0,"44780",4.00284925753189,9.35905431206912,16.0228021785236
"709","Brookhaven, MS Micro Area","solar",0,"15020",4.8372021044947,9.0189516771699,23.398524199728
"710","Columbus, IN Metro Area","solar",0,"18020",4.23090178210435,9.61204610699968,17.9005298898137
"711","Hanford-Corcoran, CA Metro Area","solar",2319.2,"25260",5.47866592745953,8.76364254443489,30.015780344706
"712","Hot Springs, AR Metro Area","solar",1,"26300",4.58138906955719,9.45041000990293,20.9891258066581
"713","Youngstown-Warren, OH Metro Area","solar",2.7,"49660",3.92154153927631,9.80119625574271,15.3784880442696
"714","Waterloo-Cedar Falls, IA Metro Area","solar",4.5,"47940",4.07695384032016,9.79783594180434,16.6215526161013
"715","Kearney, NE Micro Area","solar",5.8,"28260",4.55469401025442,8.87286875313215,20.7452375270475
"716","Ithaca, NY Metro Area","solar",47.1,"27060",3.79378121016597,9.26633659436587,14.3927758706084
"717","Montrose, CO Micro Area","solar",8.8,"33940",5.00566609537849,8.36334161659306,25.0566930584217
"718","Pahrump, NV Micro Area","solar",227,"37220",5.45778174157081,8.03713682808631,29.7873815386237
"719","Quincy, IL-MO Micro Area","solar",1.5,"39500",4.27294897783079,9.11106568583353,18.2580929671452
"720","Wooster, OH Micro Area","solar",2.3,"49300",3.98639759502307,9.81894310124959,15.8913657856057
"721","New Castle, IN Micro Area","solar",3.9,"35220",4.16389901828036,9.54818505768303,17.3380550344361
"722","Cedar Rapids, IA Metro Area","solar",54.5,"16300",4.10212357099031,9.85553936879351,16.8274177916743
"723","Winona, MN Micro Area","solar",18.7,"49100",3.95801624047428,9.19950719952484,15.6658925598582
"724","Coos Bay-North Bend, OR Micro Area","solar",0,"18300",3.91229040713448,9.00471646172405,15.3060162297565
"725","Bloomsburg-Berwick, PA Micro Area","solar",0,"14100",3.96637760750802,9.34174102141071,15.732151325341
"726","Tucson, AZ Metro Area","solar",296.2,"46060",5.8865268239969,9.22125374859037,34.651198049635
"727","Atchison, KS Micro Area","solar",0,"11860",4.40577822300632,9.05340684254964,19.4108817503168
"728","Jonesboro, AR Metro Area","solar",11,"27860",4.63658849335567,8.78564814757404,21.4979528567182
"729","Kenosha, WI Metro Area","solar",9.8,"28450",4.05617301197985,10.6451408922003,16.4525395031137
"730","Ottawa, KS Micro Area","solar",0,"36840",4.48315841501409,9.2007758483992,20.0987093741117
"731","Wheeling, WV-OH Metro Area","solar",0,"48540",4.01791009974781,8.77828989149705,16.1436015696555
"732","Dixon, IL Micro Area","solar",0,"19940",4.10284040867554,9.54792825111134,16.8332994190609
"733","Susanville, CA Micro Area","solar",10,"45000",5.04112772458607,7.52860091644624,25.4129687355903
"734","Dickinson, ND Micro Area","solar",0,"19860",4.00341988733867,7.73160460945734,16.0273707943388
"735","Cleveland, MS Micro Area","solar",0,"17380",4.7978229445615,8.84246101269907,23.0191050073608
"736","Concord, NH Micro Area","solar",0,"18180",3.94302109684136,9.94475773034701,15.5474153701361
"737","Huron, SD Micro Area","solar",0,"26700",4.14323860650861,8.41253595393146,17.1664261504634
"738","St. Marys, PA Micro Area","solar",0,"41260",3.8436547827017,8.17895437067038,14.7736820885857
"739","Appleton, WI Metro Area","solar",0,"11540",3.95461001691861,9.7542747686523,15.638940385913
"740","North Platte, NE Micro Area","solar",0,"35820",4.64494553656633,7.71503577475525,21.5755190376675
"741","Grand Island, NE Metro Area","solar",0,"24260",4.4594456539549,8.53396979550666,19.8866555405773
"742","Watertown, SD Micro Area","solar",0,"47980",4.05564768385893,8.72332352688272,16.4482781355903
"743","Toccoa, GA Micro Area","solar",0,"45740",4.72971989979615,9.70592839015279,22.3702503305277
"744","Fond du Lac, WI Metro Area","solar",2,"22540",3.97350931203605,9.58349905713887,15.7887762528372
"745","Pittsfield, MA Metro Area","solar",48,"38340",3.92818378095543,9.84653716472148,15.4306278169613
"746","Pottsville, PA Micro Area","solar",1,"39060",4.01365467315632,9.03055383213962,16.1094238353496
"747","Cordele, GA Micro Area","solar",0,"18380",4.96666755585587,8.84288338076192,24.6677866103914
"748","Carson City, NV Metro Area","solar",0,"16180",5.34671213787974,10.1357726187516,28.5873306853505
"749","Meridian, MS Micro Area","solar",136,"32940",4.82338934052561,8.99793161525794,23.265084730296
"750","Greenville, OH Micro Area","solar",1.8,"24820",4.14614609022658,9.49967462193962,17.1905274015012
"751","Yankton, SD Micro Area","solar",0,"49460",4.19950012197777,8.77229400089671,17.6358012744913
"752","Oskaloosa, IA Micro Area","solar",0,"36820",4.17319682974907,9.78159859060575,17.4155717798277
"753","Russellville, AR Micro Area","solar",0,"40780",4.58340700964108,8.53631708374411,21.007619816027
"754","Los Alamos, NM Micro Area","solar",1,"31060",5.31272663957061,10.5560231540209,28.2250643468032
"755","Port St. Lucie, FL Metro Area","solar",745,"38940",5.14925239980735,10.6012687982157,26.5148002769217
"756","Cortland, NY Micro Area","solar",52,"18660",3.7797116967239,8.68138038012218,14.2862205103514
"757","Hillsdale, MI Micro Area","solar",2,"25880",4.01599281831539,9.16170203224576,16.1281983167608
"758","Sanford, NC Micro Area","solar",40.1,"41820",4.62196084852888,9.90715686622315,21.3625220853338
"759","Cheyenne, WY Metro Area","solar",150,"16940",4.64617074116581,8.65569789180844,21.5869025560653
"760","Ruidoso, NM Micro Area","solar",3,"40760",5.58028447464065,8.22281878327984,31.1395748179155
"761","Duluth, MN-WI Metro Area","solar",8.2,"20260",3.75261369674863,8.33582821215172,14.0821095570254
"762","Colorado Springs, CO Metro Area","solar",289,"17820",5.06284499624405,9.47219671525024,25.6323994559934
"763","Vernon, TX Micro Area","solar",0,"46900",5.17000650344642,7.85461591418508,26.7289672456783
"764","Alexandria, MN Micro Area","solar",8,"10820",3.90264088543573,9.15573306272809,15.2306058806745
"765","Cambridge, OH Micro Area","solar",0,"15740",4.03548672311635,8.82082081379364,16.2851530924483
"766","Lawrenceburg, TN Micro Area","solar",0,"29980",4.56123532396301,8.54920388175673,20.804867680568
"767","Nantucket, MA Micro Area","solar",0,"34880",4.18784942432326,13.5763596844029,17.5380828008046
"768","Oshkosh-Neenah, WI Metro Area","solar",0,"36780",3.9398789421947,9.90569114041926,15.5226460791492
"769","Summerville, GA Micro Area","solar",0,"44900",4.58439913215367,8.94597889365879,21.0167154028913
"770","Boston-Cambridge-Newton, MA-NH Metro Area","solar",433.8,"14460",4.02514928471464,11.9809364708145,16.2018267642388
"771","Bloomington, IL Metro Area","solar",4,"14010",4.21969118307175,9.56374746360266,17.8057936804935
"772","Sparta, WI Micro Area","solar",2,"43890",3.97082659138703,9.01153000976921,15.7674638188664
"773","Racine-Mount Pleasant, WI Metro Area","solar",1.5,"39540",4.04591552263013,10.4813833341439,16.3694324162594
"774","Norwalk, OH Micro Area","solar",3,"35940",3.98882396272926,9.46327422106073,15.9107166056431
"775","North Port-Bradenton-Sarasota, FL Metro Area","solar",447,"35840",5.27140472302734,10.9238391238816,27.7877077539549
"776","Sherman-Denison, TX Metro Area","solar",20.3,"43300",4.88026239298457,9.80756600697835,23.8169610243795
"777","Champaign-Urbana, IL Metro Area","solar",24.1,"16580",4.21853279177962,9.67103630201005,17.79601891532
"778","Ozark, AL Micro Area","solar",10.6,"37120",4.94083320038896,9.20673621849001,24.4118327140658
"779","Mexico, MO Micro Area","solar",0,"33020",4.34715066486342,9.17455117426986,18.8977189030225
"780","Peoria, IL Metro Area","solar",10,"37900",4.19356423150656,9.65093365982074,17.5859809637712
"781","Mansfield, OH Metro Area","solar",1.9,"31900",4.00264246405645,9.69443261525635,16.0211466950679
"782","Portsmouth, OH Micro Area","solar",0,"39020",4.17582503131409,8.58844441275203,17.4375146921493
"783","Thomaston, GA Micro Area","solar",3.8,"45580",4.79397842994821,8.91096896640764,22.9822291868087
"784","Granbury, TX Micro Area","solar",0,"24180",5.04710245676959,9.80880141224019,25.4732432091296
"785","The Dalles, OR Micro Area","solar",0,"45520",4.32640160230647,8.48484573731833,18.71775082444
"786","Burlington, IA-IL Micro Area","solar",1.4,"15460",4.19103810918613,9.17426912522425,17.5648004326504
"787","Salina, KS Micro Area","solar",0,"41460",4.6389729043469,8.33304124836504,21.5200696072647
"788","Moultrie, GA Micro Area","solar",21.6,"34220",5.00933366468436,9.04499284026532,25.09342376414
"789","Wisconsin Rapids-Marshfield, WI Micro Area","solar",150,"49220",3.94190263195534,8.85495832947014,15.5385963598165
"790","Greencastle, IN Micro Area","solar",0,"24600",4.20529073370178,9.30260062798149,17.684470154958
"791","Crawfordsville, IN Micro Area","solar",27.8,"18820",4.18848971235006,9.02570928275627,17.5434460704622
"792","Sandpoint, ID Micro Area","solar",0,"41760",3.59031467162391,9.17097843473158,12.8903594412779
"793","Watertown-Fort Atkinson, WI Micro Area","solar",78.3,"48020",4.01697316840428,9.75120450228816,16.1360734356799
"794","Gallup, NM Micro Area","solar",658,"23700",5.48969610975325,8.2489137965157,30.13676337744
"795","Fremont, OH Micro Area","solar",2.8,"23380",4.0093399929078,9.23666797808599,16.0748071787299
"796","Sebastian-Vero Beach-West Vero Corridor, FL Metro Area","solar",447,"42680",5.16127757047915,10.2731725924003,26.6387861595312
"797","Lewisburg, PA Micro Area","solar",1.4,"30260",3.97553269429337,9.43452797839713,15.8048602033955
"798","Sidney, OH Micro Area","solar",1.6,"43380",4.10322362454223,9.56736341052356,16.8364441130015
"799","Zanesville, OH Micro Area","solar",0,"49780",4.05807073770092,8.93981425217806,16.4679381121845
"800","Nogales, AZ Micro Area","solar",6,"35700",5.81389623408966,9.3229588666866,33.801389420762
"801","Arkadelphia, AR Micro Area","solar",0,"11660",4.64293622225673,8.47661281537039,21.5568567639436
"802","Oxnard-Thousand Oaks-Ventura, CA Metro Area","solar",11.5,"37100",5.63410504792361,9.62529748475673,31.7431396910383
"803","Keene, NH Micro Area","solar",0,"28300",3.95350796707322,9.42927976783662,15.6302252457114
"804","Maryville, MO Micro Area","solar",0,"32340",4.33223395246882,8.81570639317836,18.7682510189236
"805","Branson, MO Micro Area","solar",0,"14700",4.51144470713364,8.7438814890651,20.3531333455242
"806","Mineral Wells, TX Micro Area","solar",0,"33420",5.05720027890194,9.53887969498853,25.5752746609259
"807","Warren, PA Micro Area","solar",0,"47620",3.81248579499132,8.33629257419233,14.5350479370106
"808","Van Wert, OH Micro Area","solar",0,"46780",4.08480868004553,9.2913984557596,16.6856619525753
"809","Auburn, NY Micro Area","solar",38.6,"12180",3.80374520623364,9.01307215412233,14.4684775939454
"810","Vermillion, SD Micro Area","solar",0,"46820",4.18205883512596,8.96743695263367,17.4896161004551
"811","Urbana, OH Micro Area","solar",0,"46500",4.12320550647848,9.29673903086603,17.0008236486545
"812","Alamogordo, NM Micro Area","solar",197.9,"10460",5.75779254680208,8.70195789428051,33.1521750120096
"813","Hattiesburg, MS Metro Area","solar",154,"25620",4.85883269206047,9.20130328874401,23.6082551294356
"814","Boone, NC Micro Area","solar",0,"14380",4.38514548028444,10.8332053087461,19.229500883259
"815","Shelby-Kings Mountain, NC Micro Area","solar",136.3,"43140",4.66386400703595,9.75779010493404,21.7516274761254
"816","Muncie, IN Metro Area","solar",0,"34620",4.13118714607049,9.65825895679416,17.066707235858
"817","Batavia, NY Micro Area","solar",38,"12860",3.83742137017778,9.03539821830974,14.7258027722971
"818","Fayetteville, TN Micro Area","solar",150,"22190",4.54099839650782,8.68298056342655,20.6206664370866
"819","Ada, OK Micro Area","solar",0,"10220",4.79843507801038,8.52175719121462,23.0249791978805
"820","Eau Claire, WI Metro Area","solar",5,"20740",3.90587072084549,9.21834542868497,15.2558260879581
"821","Bucyrus, OH Micro Area","solar",0,"15340",4.0139198860059,9.19223301889618,16.1115528512736
"822","Sayre, PA Micro Area","solar",0,"42380",3.89740266116905,8.86003643461043,15.1897475032876
"823","Kendallville, IN Micro Area","solar",0,"28340",4.04206161879192,9.18499907825172,16.3382621301108
"824","Mount Vernon, IL Micro Area","solar",2,"34500",4.36035879157513,9.11100400534376,19.0127287912665
"825","Hutchinson, KS Micro Area","solar",1,"26740",4.76845267550569,8.00459069611658,22.7381409185373
"826","Elmira, NY Metro Area","solar",17.3,"21300",3.85639870290686,9.10165025930789,14.8718109557817
"827","Salem, OH Micro Area","solar",0,"41400",3.96487117376884,9.40789380586796,15.7202034245831
"828","Hobbs, NM Micro Area","solar",45.1,"26020",5.73286997264475,7.62505670523931,32.8657981232518
"829","Tiffin, OH Micro Area","solar",0,"45660",4.01398563262213,9.15798943226567,16.1120806588968
"830","Muskegon-Norton Shores, MI Metro Area","solar",20,"34740",3.9367864742855,9.77880815508592,15.4982877441172
"831","Sedalia, MO Micro Area","solar",0,"42740",4.39496936488389,8.83533313879299,19.3157557182679
"832","Meadville, PA Micro Area","solar",0,"32740",3.83615001818877,8.81862755794492,14.7160469620497
"833","Brunswick-St. Simons, GA Metro Area","solar",18,"15260",4.9191248465963,8.66020455107486,24.1977892564011
"834","Plattsburgh, NY Micro Area","solar",21.8,"38460",3.75482618222284,8.10309391376186,14.0987196587062
"835","Magnolia, AR Micro Area","solar",0,"31620",4.74206937207753,8.37588564236554,22.4872219295957
"836","Winchester, TN Micro Area","solar",0,"49010",4.50594547163815,8.78398566132077,20.3035445933764
"837","Plainview, TX Micro Area","solar",0,"38380",5.45770673011963,8.0348718044668,29.7865627519931
"838","Mason City, IA Micro Area","solar",0,"32380",4.04748216941939,9.64926209577488,16.3821119117679
"839","Midland, MI Metro Area","solar",0,"33220",3.94408358119408,9.33262108703086,15.5557952954447
"840","Ottumwa, IA Micro Area","solar",0,"36900",4.18056017839456,9.61646973819039,17.4770834051784
"841","Woodward, OK Micro Area","solar",0,"49260",5.02391754504607,7.94713319230584,25.2397474994217
"842","Fredericksburg, TX Micro Area","solar",0,"23240",5.15921619577199,9.72106718811237,26.617511754716
"843","Lebanon, PA Metro Area","solar",3,"30140",4.07516294909307,10.502663173306,16.6069530616609
"844","Henderson, NC Micro Area","solar",107.6,"25780",4.55620305911471,9.35040491516647,20.7589863158862
"845","Stillwater, OK Micro Area","solar",0,"44660",4.77741742992632,8.80865626415346,22.8237172997638
"846","Kerrville, TX Micro Area","solar",0,"28500",5.1371612920484,9.80000401852238,26.3904261405204
"847","Atlanta-Sandy Springs-Roswell, GA Metro Area","solar",56.2,"12060",4.71380588084939,10.5942518954758,22.2199658823303
"848","Minneapolis-St. Paul-Bloomington, MN-WI Metro Area","solar",535.9,"33460",3.92559449262933,10.372473882183,15.4102921205618
"849","Weatherford, OK Micro Area","solar",0,"48220",5.05433173606399,8.25752929208483,25.5462692981836
"850","Austin, MN Micro Area","solar",0,"12380",3.99020932948734,9.14184197400931,15.9217704931278
"851","Elk City, OK Micro Area","solar",0,"21120",5.14588016071599,7.90469143604841,26.4800826284505
"852","Taylorville, IL Micro Area","solar",1.5,"45380",4.2898118200327,9.48836463797287,18.4024854512923
"853","Muscatine, IA Micro Area","solar",1.8,"34700",4.14838353674774,9.70406094064603,17.2090859679597
"854","Winnemucca, NV Micro Area","solar",126,"49080",4.90073832808966,6.32538971762521,24.0172361604071
"855","Huntington, IN Micro Area","solar",0,"26540",4.08563823016879,9.19573683601844,16.6924397478167
"856","Lewiston-Auburn, ME Metro Area","solar",19.7,"30340",3.91101407778306,9.44954724482097,15.2960311166173
"857","Coeur d'Alene, ID Metro Area","solar",0,"17660",3.69865981618995,9.19428417783819,13.6800844358983
"858","Paragould, AR Micro Area","solar",1.5,"37500",4.60816800526587,8.81170898351203,21.235212364756
"859","Hudson, NY Micro Area","solar",26.8,"26460",3.94449140507584,10.3818854233595,15.5590124447171
"860","Glasgow, KY Micro Area","solar",55,"23980",4.37517784975534,8.75513933994661,19.1421812169897
"861","Connersville, IN Micro Area","solar",0,"18220",4.18483004432079,9.64953372261741,17.51280249985
"862","Dumas, TX Micro Area","solar",0,"20300",5.33424432162259,7.89081587736849,28.4541624827629
"863","Oil City, PA Micro Area","solar",0,"36340",3.86115353941529,8.45612735971954,14.9085066549392
"864","Albany-Schenectady-Troy, NY Metro Area","solar",254.5,"10580",3.9152297984905,9.69491426973786,15.329024374988
"865","Boise City, ID Metro Area","solar",160,"14260",4.55900854063465,8.05103314666808,20.7845588735797
"866","Clewiston, FL Micro Area","solar",521.5,"17500",5.22833750017919,9.30400101718854,27.33551301578
"867","Killeen-Temple, TX Metro Area","solar",335.4,"28660",5.05594190583953,9.53098159047461,25.5625485552243
"868","Florence-Muscle Shoals, AL Metro Area","solar",302,"22520",4.60855969221152,9.1199462066728,21.2388224366767
"869","Liberal, KS Micro Area","solar",0,"30580",5.12030259017383,7.79842625309541,26.2174986149408
"870","Mount Pleasant, MI Micro Area","solar",0,"34380",3.92412794991891,9.13778326735475,15.3987801673348
"871","Ludington, MI Micro Area","solar",0,"31220",3.88357104605385,9.18221660122011,15.0821240697478
"872","Carbondale, IL Micro Area","solar",0,"16060",4.40195964904729,9.38482081449634,19.3772487518405
"873","Mount Airy, NC Micro Area","solar",85.3,"34340",4.47386610758911,9.60828422365864,20.0154779486346
"874","Des Moines-West Des Moines, IA Metro Area","solar",0,"19780",4.1797664237886,9.88884055804682,17.4704473574305
"875","Worthington, MN Micro Area","solar",0,"49380",4.0886453896393,9.39720769786658,16.7170211222187
"876","Charleston-Mattoon, IL Micro Area","solar",200,"16660",4.26773153853766,9.46673972461028,18.213532485029
"877","Tifton, GA Micro Area","solar",4.9,"45700",4.99728530002073,8.92664686352992,24.9728603698033
"878","Detroit Lakes, MN Micro Area","solar",0,"19810",3.818711125542,8.48866787342171,14.5825546603382
"879","Bedford, IN Micro Area","solar",1.1,"13260",4.25080637244195,8.74387514724897,18.0693548159931
"880","Hermiston-Pendleton, OR Micro Area","solar",6,"25840",4.18136722856059,7.98495242796616,17.4838319000805
"881","Selinsgrove, PA Micro Area","solar",23,"42780",3.99468140663524,9.46480622482197,15.9574795405173
"882","Michigan City-La Porte, IN Metro Area","solar",0,"33140",4.04327237284526,9.7187595900297,16.3480514810138
"883","Weirton-Steubenville, WV-OH Metro Area","solar",0,"48260",3.98780842415372,8.94931338969926,15.9026160277514
"884","Cambridge, MD Micro Area","solar",26.7,"15700",4.36660894582354,9.30219727077533,19.0672736857461
"885","Fort Morgan, CO Micro Area","solar",6.5,"22820",4.90778305389376,7.77730875619932,24.0863345040868
"886","Freeport, IL Micro Area","solar",123.2,"23300",4.07748722477552,9.3841432810168,16.6259020682075
"887","Joplin, MO-KS Metro Area","solar",2.2,"27900",4.55324853739814,8.93471278264829,20.7320722433183
"888","McPherson, KS Micro Area","solar",0,"32700",4.68734884035761,8.3801561361909,21.9712391512018
"889","Calhoun, GA Micro Area","solar",0,"15660",4.60441626459877,9.72070708039556,21.2006491377017
"890","Springfield, MO Metro Area","solar",12.8,"44180",4.50125601069619,9.25800128637146,20.2613056738286
"891","Wichita, KS Metro Area","solar",3,"48620",4.72406366676819,8.67858458963374,22.3167775276793
"892","Mayfield, KY Micro Area","solar",0,"32460",4.48177261594844,8.77728950272509,20.0862857810653
"893","Lexington, NE Micro Area","solar",6.6,"30420",4.60927139426214,8.33408984629183,21.2453827859633
"894","McMinnville, TN Micro Area","solar",0,"32660",4.47065454717783,8.72964582599738,19.9867520802018
"895","Lawton, OK Metro Area","solar",0,"30020",5.0372074037586,8.10533576879799,25.3734584284805
"896","Miami, OK Micro Area","solar",0,"33060",4.57180042249331,8.83469566073139,20.90135910311
"897","Willmar, MN Micro Area","solar",15.3,"48820",3.94828916556642,9.01019079002544,15.5889873349292
"898","Ruston, LA Micro Area","solar",0,"40820",4.77519346895112,9.24953538975099,22.8024726659134
"899","Macomb, IL Micro Area","solar",6,"31380",4.23519808995853,9.17862298052906,17.9369028611884
"900","Ames, IA Metro Area","solar",4.4,"11180",4.13999604993869,9.86155382612123,17.139567293508
"901","Augusta-Waterville, ME Micro Area","solar",66.4,"12300",3.87449847080202,9.3754912975297,15.0117384002472
"902","Big Rapids, MI Micro Area","solar",0,"13660",3.90250524386204,9.01530621816303,15.2295471783708
"903","Bakersfield-Delano, CA Metro Area","solar",5187.6,"12540",5.69162385190239,8.54024317675478,32.3945820715442
"904","Gainesville, TX Micro Area","solar",64.2,"23620",4.93460873095383,9.30041820054382,24.3503633276058
"905","Holland, MI Micro Area","solar",20,"26090",3.94139472647732,9.72699198706703,15.5345923899032
"906","Cedar City, UT Micro Area","solar",857.4,"16260",5.28814049797804,8.86040387741313,27.9644299263555
"907","Barre, VT Micro Area","solar",1.2,"12740",3.73256262569818,8.88190663950697,13.9320237547589
"908","Arkansas City-Winfield, KS Micro Area","solar",0,"11680",4.72950238582293,8.41469147062773,22.3681928175048
"909","Bellefontaine, OH Micro Area","solar",0,"13340",4.08679965793325,9.47814526768426,16.7019314440834
"910","Pueblo, CO Metro Area","solar",1374.8,"39380",5.20999165160591,7.8230689880768,27.1440130098033
"911","Logansport, IN Micro Area","solar",16,"30900",4.10366036841384,9.25796219500364,16.8400284192904
"912","Arcadia, FL Micro Area","solar",550.5,"11580",5.2468993871296,9.59080350952127,27.529953178661
"913","Fitzgerald, GA Micro Area","solar",0,"22340",4.95137085658715,8.60455402279268,24.5160733594606
"914","Kokomo, IN Metro Area","solar",5.4,"29020",4.13582229023078,9.48835604061776,17.1050260163698
"915","Farmington, MO Micro Area","solar",2.5,"22100",4.4243925138055,9.15868748068856,19.5752491162182
"916","Wahpeton, ND-MN Micro Area","solar",0,"47420",3.87471211419771,8.76035719382252,15.0133939679105
"917","Flint, MI Metro Area","solar",22.5,"22420",3.92311568337881,10.3284340639185,15.3908366651728
